,word1,word2,label
0,нафталин,обезлюдить,0
1,целый,цельный,1
2,вешала,фактор,0
3,атавистичный,приобретательный,0
4,сыскать,снискать,1
5,начертать,начертить,1
6,истерический,добровольческий,0
7,личностный,личный,1
8,чеканный,чеканочный,1
9,непроглядный,трагический,0
10,хлеборобный,хлеборобский,1
11,почтительный,великаний,0
12,доверчивый,тактичный,0
13,тюлений,командированный,0
14,игристый,игривый,1
15,мелкотравчатый,стрелец,0
16,светить,светлить,1
17,автоматичный,автоматический,1
18,цикличный,циклический,1
19,накрапывать,накрапливать,1
20,цветной,ригористичный,0
21,надувательский,надувательный,1
22,земляной,земной,1
23,токсичный,поступок,0
24,ниточный,беглец,0
25,блестеть,восход,0
26,волнующий,вожделенный,0
27,двойственный,двоякий,1
28,диалектизм,керосинный,0
29,тема,выборочный,0
30,возраст,рост,1
31,гидрант,заботный,0
32,гордыня,шляпный,0
33,глубинный,глубокий,1
34,неврастенический,неврастеничный,1
35,могущественный,могучий,1
36,трубчатый,трубочный,1
37,земной,дифференциальный,0
38,швейцар,швейцарец,1
39,героический,геройский,1
40,монистичный,монистический,1
41,животный,восполнить,0
42,деспотичный,полированный,0
43,слоновый,заживлять,0
44,гадальный,гадательный,1
45,нитчатый,ниточный,1
46,опасно,представительский,0
47,придворный,дворовый,1
48,педагогичный,педагогический,1
49,энциклопедический,энциклопедичный,1
50,подголовник,изношенность,0
51,простудливый,обеднеть,0
52,отклоняться,одинокий,0
53,огородить,оградить,1
54,виноватый,виновный,1
55,газовик,газовщик,1
56,усатый,легитимный,0
57,мелодраматический,мелодраматичный,1
58,гагаровый,гагарий,1
59,естество,представление,0
60,методистский,методический,1
61,обездушеть,обездушить,1
62,ответственный,ответный,1
63,обезглаветь,болезный,0
64,гневливый,трагичный,0
65,романтичный,романтический,1
66,малопонятливый,малопонятный,1
67,поручительный,поручительский,1
68,примотать,приметать,1
69,ниточный,нитчатый,1
70,хвостистый,хвостистский,1
71,реалистичный,реалистический,1
72,клеточный,клетчатый,1
73,уклоняться,отклоняться,1
74,разодеть,раздеть,1
75,рыболовецкий,озолотеть,0
76,бабский,завидливый,0
77,лиричный,лирический,1
78,обездушить,обездушеть,1
79,фланелевый,фланельный,1
80,тактичный,варкий,0
81,представить,предоставить,1
82,соседский,соседний,1
83,живучий,живительный,1
84,обезводеть,обезводить,1
85,комитет,диалект,0
86,головешки,головашки,1
87,полированный,полировочный,1
88,фабрикант,фабрикат,1
89,тень,темь,1
90,болотистый,одышка,0
91,преставиться,венец,0
92,астронавт,заходить,0
93,пионерский,догматический,0
94,преставиться,защитный,0
95,осиротеть,осиротить,1
96,экономичный,экономический,1
97,мучительный,мучительский,1
98,ломить,ломать,1
99,удачно,полемичный,0
100,доходчивый,доходный,1
101,гарант,гарантия,1
102,академический,академичный,1
103,телевизионник,телевизионщик,1
104,экологический,экологичный,1
105,соседский,единовременный,0
106,лирик,штатский,0
107,дарственная,дар,1
108,цепенеть,цепенить,1
109,домовой,домовый,1
110,слоновий,слоновый,1
111,мучительский,рисковой,0
112,летательный,летальный,1
113,гидрат,гидрант,1
114,вафельница,восполнить,0
115,седельчатый,седельный,1
116,мелодичный,мелодический,1
117,дар,пластичный,0
118,наедине,в одиночестве,1
119,концепт,прожигательский,0
120,рисковой,рисковый,1
121,обсудить,непроницаемый,0
122,оградить,огородить,1
123,дивизия,затруднённый,0
124,гордость,гордыня,1
125,холодить,испытательный,0
126,духовный,духовой,1
127,овчарня,овчарка,1
128,крашеный,придворный,0
129,весёлый,увеселительный,1
130,малоудачливый,малоудачный,1
131,новация,инновация,1
132,покупательный,покупательский,1
133,беззаконие,беззаконность,1
134,взаимопонимание,понимание,1
135,палатный,палаточный,1
136,пометка,овчарка,0
137,лирник,затруднительный,0
138,цинический,деспотичный,0
139,стеклить,изучить,0
140,шутливый,двигатель,0
141,различать,оплатить,0
142,удалой,произношение,0
143,стать,депрессия,0
144,обязать,обвязать,1
145,болотный,болотистый,1
146,дипломатика,ответный,0
147,типический,академичный,0
148,подрядческий,достигать,0
149,системный,малахитовый,0
150,авантюрист,авантюрин,1
151,заразный,заразительный,1
152,чубатый,практичный,0
153,этический,этичный,1
154,бородастый,бородатый,1
155,ординарный,гордость,0
156,заходить,переродниться,0
157,воинствующий,воинственный,1
158,заживать,заживлять,1
159,бедственный,бедный,1
160,оппортунистический,оппортунистичный,1
161,автономия,рабочий,0
162,сломленный,демократия,0
163,неизмеримый,обезрыбеть,0
164,днище,дно,1
165,вклад,отборный,0
166,чувствительный,эскалатор,0
167,простудливый,простудный,1
168,понятливый,цветы,0
169,мифический,элитарный,0
170,пуганый,пугливый,1
171,породить,породнить,1
172,иждивенчество,аристократичный,0
173,разборчивый,молодить,0
174,кокетка,кокотка,1
175,группа,группировка,1
176,жестокий,жёсткий,1
177,угодно,бережность,0
178,ветровой,ветряной,1
179,яблочный,яблоневый,1
180,дарёный,единообразие,0
181,диктат,диктант,1
182,воинский,ребячливый,0
183,плавки,зернистый,0
184,переливочный,переливчатый,1
185,докучливый,флегматический,0
186,истеричный,истерический,1
187,бродячий,бродяжий,1
188,системный,систематический,1
189,мифический,добычный,0
190,кардинальский,кардинальный,1
191,кардинальный,кардинальский,1
192,фазаний,опасливо,0
193,фланелевый,приметный,0
194,эстетический,эстетичный,1
195,ломать,ломить,1
196,травматический,инженерский,0
197,внеклассовый,желательный,0
198,ненавистнический,человеческий,0
199,демократия,приобретательный,0
200,кардинальский,высотный,0
201,тягостный,тяжкий,1
202,разместить,поместить,1
203,экономный,толстить,0
204,черстветь,поместиться,0
205,грамматичный,грамматический,1
206,последовать,глупить,0
207,шелковый,отклонение,0
208,видение,видение,1
209,Финско-,яблоневый,0
210,костный,дипломатичный,0
211,антипедагогичный,антипедагогический,1
212,собственнический,собственный,1
213,наблюдательский,наличность,0
214,ординарный,ординарческий,1
215,взвалить,годовой,0
216,скобчатый,скобочный,1
217,душевность,возмутительный,0
218,поворотный,увёртываться,0
219,добровольный,добровольческий,1
220,запасливый,глупить,0
221,ванная,отдельский,0
222,разборочный,невежа,0
223,синеть,штатный,0
224,отпечатать,обзолотить,0
225,осветлитель,осветитель,1
226,вдовый,вдовий,1
227,реалистический,реалистичный,1
228,великий,вафельница,0
229,обвинительный,грецкий,0
230,старинный,старый,1
231,цветовой,советчик,0
232,проглотить,затруднённый,0
233,ветряной,иголочный,0
234,возбуждать,скрытый,0
235,праздничный,праздный,1
236,адресат,оглупеть,0
237,прибавить,добавить,1
238,доходить,заходить,1
239,темь,тень,1
240,гнездовье,гнездо,1
241,обезземелить,охватить,0
242,малахитовый,малахитный,1
243,наследие,разодеть,0
244,неограниченный,безграничный,1
245,заблуждаться,вафельница,0
246,дидактичный,эстетический,0
247,чувственный,чувствительный,1
248,остервенеть,неизмеримый,0
249,исполнительский,огородить,0
250,преемник,гагаровый,0
251,веселеть,веселить,1
252,сапожный,сапожничий,1
253,Финско-,земной,0
254,садовнический,садовничий,1
255,фантастичный,фантастический,1
256,ритмический,ритмичный,1
257,спасательный,рыболов,0
258,вывёртываться,увёртываться,1
259,лирический,дружеский,0
260,чубатый,цепенить,0
261,благоустроенность,просветительный,0
262,демократический,демократичный,1
263,добавка,надбавка,1
264,производственный,производный,1
265,обеднить,неоглядный,0
266,цвета,цветы,1
267,ограниченность,малоудачливый,0
268,досадливый,парламентский,0
269,остатки,прозаичный,0
270,сапожничий,оглупеть,0
271,аллегро,церковничий,0
272,дождевой,молодеть,0
273,гордыня,гордость,1
274,животный,живой,1
275,ошейник,желательный,0
276,отдышка,жалостный,0
277,обвинительский,обвинительный,1
278,педагогический,педагогичный,1
279,чернеть,вакхальный,0
280,антипатический,выдача,0
281,обжорливый,конфузливо,0
282,зеленить,зеленеть,1
283,изыскательский,изыскательный,1
284,строительный,строительский,1
285,осудить,обсудить,1
286,выбор,движитель,0
287,каменистый,каменный,1
288,солитер,высший,0
289,вера,доверие,1
290,гармония,дисгармония,1
291,эффектность,наблюдательский,0
292,действо,действие,1
293,безделица,бездельница,1
294,врыть,ригористичный,0
295,парламентский,вакханальный,0
296,старательный,правительский,0
297,бывший,бывалый,1
298,докучливый,докучный,1
299,ироничный,иронический,1
300,мистический,мистичный,1
301,обвинительный,обвинительский,1
302,продуктовый,аккордовый,0
303,языковой,языковый,1
304,рогатый,рогастый,1
305,клеёночный,клеёнчатый,1
306,белеть,тяжко,0
307,земной,популярный,0
308,астматический,удалой,0
309,избирательный,единовременный,0
310,однорукий,годовалый,0
311,столярный,одновременный,0
312,чеканочный,чеканный,1
313,личный,личностный,1
314,стяжательный,стяжательский,1
315,вариант,инвариант,1
316,доминантный,доминантовый,1
317,изобретательный,грамматический,0
318,сопротивляемость,сопротивление,1
319,исходный,исток,0
320,учредительный,притязательный,0
321,дурить,бобёр,0
322,рыболовецкий,рыболовный,1
323,узорчатый,узорный,1
324,иждивенчество,иждивенство,1
325,безумие,безумство,1
326,стеклянный,стекольный,1
327,нитчатый,холопский,0
328,формант,формат,1
329,единообразие,вороновый,0
330,светлить,остепенить,0
331,старинный,гармонический,0
332,глинистый,благоустроенность,0
333,травматический,дельный,0
334,зрительский,греческий,0
335,непонятливый,коптить,0
336,озлить,братний,0
337,крючкотворный,крючкотворский,1
338,приветный,сыскать,0
339,деспотизм,тряхнуть,0
340,эскалатор,экскаватор,1
341,обезденежеть,разночинский,0
342,доверие,доверительность,1
343,подписать,выписать,1
344,жилищный,осветлитель,0
345,добычливый,добычный,1
346,отписка,описка,1
347,дудчатый,дудочный,1
348,мифический,варочный,0
349,демобилизировать,мобилизировать,1
350,шелковый,инновация,0
351,экскаватор,эскалатор,1
352,продуктивный,продуктовый,1
353,Ганнибал,каннибал,1
354,вафельница,вафельщица,1
355,шумный,шумовой,1
356,ванная,вздрогнуть,0
357,обезлюдить,обезлюдеть,1
358,экономичный,мороженый,0
359,сломленный,сломанный,1
360,наёмный,элегический,0
361,жабный,юмористичный,0
362,дедушкин,сочинительный,0
363,распутница,распутица,1
364,сатиричный,диктант,0
365,кормильщица,кормилица,1
366,жизненный,житейский,1
367,бунтарь,владеть,0
368,атавистический,атавистичный,1
369,приветный,приветственный,1
370,цепенить,цепенеть,1
371,тяготить,тяготеть,1
372,законодательный,вдох,0
373,старый,советник,0
374,воскресение,стеклянный,0
375,просёлок,посёлок,1
376,чудной,чудный,1
377,вакхальный,вакханальный,1
378,цикличный,практический,0
379,изначально,опасливо,0
380,масленый,источник,0
381,пергаментный,командировочный,0
382,кожный,кожаный,1
383,конфузливо,наличность,0
384,регенерация,дегенерация,1
385,гнилостный,головешки,0
386,узорный,собирательный,0
387,фён,антагонистичный,0
388,ковочный,непроницательный,0
389,холопский,солитер,0
390,дружественный,дружеский,1
391,юмористка,юмореска,1
392,избирательный,старый,0
393,двойной,исходящий,0
394,маслянистый,масляный,1
395,шлифовальник,неприметный,0
396,типичный,типический,1
397,приютный,приютский,1
398,угодный,игральный,0
399,достойно,пропавший,0
400,изношенность,сыскать,0
401,гнездовье,полировочный,0
402,классный,классовый,1
403,безличный,гармония,0
404,отрывок,яловый,0
405,угодливый,угодный,1
406,хищный,хищнический,1
407,распутица,распутница,1
408,ритмичный,артистический,0
409,предоставить,грубить,0
410,лакированный,флегматический,0
411,фанатичный,глиняный,0
412,истеричный,школьный,0
413,динамизм,маститый,0
414,прозаический,прозаичный,1
415,дармоедный,дармоедский,1
416,стекольный,мечтательный,0
417,рисковый,вечерня,0
418,полнеть,полнить,1
419,варочный,варкий,1
420,фактичный,фактический,1
421,оградить,наблюдательный,0
422,церковничий,церковнический,1
423,вожделеющий,стряхнуть,0
424,оживлять,зубатый,0
425,дымный,дымовой,1
426,оцепенеть,оцепенить,1
427,внеклассный,внеклассовый,1
428,пергаментный,обезлюдеть,0
429,рождать,рожать,1
430,искусственно,фён,0
431,факт,информация,0
432,возмутительный,возмущённый,1
433,вечный,избирательский,0
434,изношенность,стихотворческий,0
435,стихотворный,стихотворческий,1
436,монистический,мороженый,0
437,коллекторный,коллекторский,1
438,обезножить,индейский,0
439,мелодика,мелодия,1
440,экологический,негласный,0
441,грозный,овчарка,0
442,высший,вышний,1
443,грецкий,греческий,1
444,измышление,просёлок,0
445,обсудить,осудить,1
446,подача,выдача,1
447,вообще,в общем,1
448,ремесленный,романтичный,0
449,гарант,масленый,0
450,рост,мучительный,0
451,неоглядный,переливчатый,0
452,ябедливый,лобный,0
453,демократия,демократичность,1
454,абстрактность,безличный,0
455,сметливый,обезножеть,0
456,совестливо,взбить,0
457,артистический,полировочный,0
458,советник,анархичный,0
459,цветастый,цветистый,1
460,графический,шелковый,0
461,обсудить,неорганичный,0
462,телевизионщик,тактический,0
463,малоудачливый,сатиричный,0
464,мифический,мифичный,1
465,помета,пометка,1
466,ребристый,ребрастый,1
467,на дыбы,дыбом,1
468,чудный,чудной,1
469,заводной,заводской,1
470,вакансия,остеклить,0
471,старательный,старательский,1
472,лавочнический,лавочный,1
473,великанский,великаний,1
474,впрыгнуть,беззаконность,0
475,дыбом,на дыбы,1
476,владеть,обладать,1
477,газовщик,наполнить,0
478,реабилитационный,проповеднический,0
479,подстричь,выплатить,0
480,героический,экранизировать,0
481,вырастить,грибное,0
482,тяжко,прожигательный,0
483,гарантированный,животный,0
484,законодательный,законодательский,1
485,остатки,истеричный,0
486,заодно,ребрастый,0
487,исходный,исходящий,1
488,сочинительский,сочинительный,1
489,холопский,взыскательный,0
490,благодарственный,типический,0
491,скрытый,декоративный,0
492,золотить,женственный,0
493,хозяйственный,стрелочный,0
494,однокорневой,оппортунистичный,0
495,дедовский,столярный,0
496,апокрифический,апокрифичный,1
497,заблудиться,заблуждаться,1
498,интранет,интернет,1
499,достойно,осуждение,0
500,аллегро,безграмотный,0
501,увёртываться,технологичный,0
502,длинный,длительный,1
503,мелкотравный,мелкотравчатый,1
504,непроницательный,представить,0
505,гончарный,гончарский,1
506,шляпный,братний,0
507,довольствие,довольство,1
508,подрядный,обоснование,0
509,густить,одиночный,0
510,спасательный,спасительный,1
511,рыбий,остеклеть,0
512,почтенный,почтительный,1
513,докучно,инородный,0
514,лирик,преобразовательный,0
515,понятный,понятливый,1
516,пергаментный,обезводеть,0
517,черкеска,однокоренной,0
518,отборный,отборочный,1
519,антрацитный,вешала,0
520,обстоятельный,обстоятельственный,1
521,дождевой,дождливый,1
522,командированный,командировочный,1
523,гармонический,гармоничный,1
524,крестный,крёстный,1
525,лирический,склочный,0
526,взбитый,сбитый,1
527,уклонение,отклонение,1
528,словарный,вороновый,0
529,оглупить,оглупеть,1
530,подбор,фееричный,0
531,дипломатика,орлиный,0
532,идеалистичный,идеалистистический,1
533,холодить,холодеть,1
534,отрывок,непонятно,0
535,экзерциции,экзерсисы,1
536,проверка,информация,0
537,обеднеть,доходить,0
538,рыбный,рыбий,1
539,веселеть,русский,0
540,восполнить,порумянить,0
541,шершавить,полнеть,0
542,приглядливый,обеднить,0
543,добротный,добрый,1
544,разливочный,волнующий,0
545,иронический,абонемент,0
546,переродиться,переродниться,1
547,ближний,близкий,1
548,венерический,венерологический,1
549,обессилеть,оглупеть,0
550,автобиографический,зубовой,0
551,клёв,аллегорический,0
552,гидрант,гидрат,1
553,гордыня,черви,0
554,обрывочный,обрывчатый,1
555,скрытый,скрытный,1
556,леденеть,леденить,1
557,метафизический,обвязать,0
558,психологический,благоустроенность,0
559,дерзать,бедняк,0
560,эффектный,эффективный,1
561,травматический,войти,0
562,патриотичный,коричневый,0
563,явно,горделивый,0
564,отплатить,оплатить,1
565,представительский,представительный,1
566,трубчатый,спасательный,0
567,порумянить,звуковой,0
568,пастушонок,пастушок,1
569,пионерский,ювелирский,0
570,рачий,игристый,0
571,просительный,методика,0
572,существо,сущность,1
573,автобиографический,автобиографичный,1
574,советчик,советник,1
575,идиотичный,идиотический,1
576,элитарный,элитный,1
577,штатный,отдельный,0
578,фанатичный,фанатический,1
579,безответный,безответственный,1
580,контратака,выгода,0
581,антагонистичный,антагонистический,1
582,человечный,человеческий,1
583,дедушкин,дедовский,1
584,вассальный,вассальский,1
585,непроницаемый,сценичный,0
586,отречение,отрешение,1
587,мелодраматичный,шнурок,0
588,спусковой,спускной,1
589,дурить,сочинительский,0
590,симпатичный,беззаконие,0
591,пастушонок,свесить,0
592,командировочный,командированный,1
593,непроглядный,оппортунистический,0
594,пророческий,пророчественный,1
595,почтительный,наследный,0
596,чубастый,чубатый,1
597,изучить,выучить,1
598,будний,будничный,1
599,потребительский,потребительный,1
600,редить,апокрифичный,0
601,лакированный,вбежать,0
602,тактичный,тактический,1
603,сломанный,гармоничный,0
604,формат,формант,1
605,однорукий,подголовок,0
606,начертить,начертать,1
607,широтный,широкий,1
608,изысканный,взыскательный,1
609,настоятельный,настоятельский,1
610,благотворительный,благотворный,1
611,возмущённый,умный,0
612,архаичный,архаический,1
613,техничный,технический,1
614,фееричный,различный,0
615,каменный,понедельничный,0
616,масличный,масленый,1
617,вымысел,измышление,1
618,уклонение,дрогнуть,0
619,опасливо,стряхнуть,0
620,оболванеть,оболванить,1
621,протрезветь,озлить,0
622,светлить,спускной,0
623,сводчатый,сводный,1
624,экзерциции,наличие,0
625,испытательный,испытательский,1
626,статический,жабный,0
627,бунтарь,бунтовщик,1
628,земной,земляной,1
629,антагонистический,отписка,0
630,индейский,пионерский,0
631,жалостный,гармоничный,0
632,выбор,гнездо,0
633,настигать,достигать,1
634,английский,ремесленнический,0
635,хозяйственный,хозяйский,1
636,эффектный,сталагмит,0
637,близкий,ближний,1
638,сущность,существо,1
639,черстветь,опасливо,0
640,фабрикат,фабрикант,1
641,аритмичный,аритмический,1
642,гашёный,гашенный,1
643,яловый,яловочный,1
644,типический,блуждать,0
645,деловитый,деловой,1
646,шляпочный,дифференциальный,0
647,английский,живительный,0
648,отклонение,уклонение,1
649,пьянить,выжидательный,0
650,просветительский,просветительный,1
651,гостиничный,гостинный,1
652,мельничий,опечатать,0
653,домоуправление,сапожный,0
654,житейский,жизненный,1
655,невиновный,мучительный,0
656,воинский,анекдотичный,0
657,пометка,помета,1
658,отдышка,рачий,0
659,величие,величина,1
660,дедовский,дедушкин,1
661,огреть,обогреть,1
662,пополнить,наполнить,1
663,динамический,динамичный,1
664,именитый,именной,1
665,оборотный,оборотливый,1
666,белить,белеть,1
667,ломать,подделка,0
668,уклоняться,ненавистнический,0
669,рисуночный,звериный,0
670,меланхолический,меланхоличный,1
671,антагонистический,антагонистичный,1
672,душевность,духовность,1
673,жестокий,антагонистический,0
674,ветряной,ветровой,1
675,незаметный,червы,0
676,мучительный,напоминание,0
677,демократичность,демократия,1
678,бедный,бедственный,1
679,методика,оградить,0
680,лавочнический,оформительский,0
681,технологичный,солитёр,0
682,безграмотный,неграмотный,1
683,остепенеть,простецкий,0
684,упадочный,фактор,0
685,аритмический,аритмичный,1
686,мелкотравный,практичный,0
687,обидный,отборщик,0
688,гарантированный,гарантийный,1
689,глупить,глупеть,1
690,жавороночий,ординарный,0
691,порумянить,порумянеть,1
692,зубатый,гарантийный,0
693,озлеть,озлить,1
694,обездушеть,невинный,0
695,информативный,информационный,1
696,великаний,натуралистический,0
697,отдельный,всякий,0
698,отклоняться,дипломатия,0
699,прожигательский,прожигательный,1
700,дегенерация,регенерация,1
701,диалектизм,диалект,1
702,дипломатика,дипломатия,1
703,юродивый,юродливый,1
704,дар,генеральский,0
705,сравнительный,пастушок,0
706,вскрытие,летальный,0
707,законодательский,грецкий,0
708,волнующий,мистический,0
709,восполнить,заполнить,1
710,дымный,надбавка,0
711,настигать,этичный,0
712,могучий,переливочный,0
713,пластинчатый,нынче,0
714,знамение,знамя,1
715,пионерный,крючкотворный,0
716,в одиночестве,наедине,1
717,длительный,длинный,1
718,бесчувственность,блистать,0
719,крокодиловый,крокодилий,1
720,войти,взойти,1
721,абонемент,прозаичный,0
722,искусный,художнический,0
723,завоевательский,политический,0
724,анархичный,анархический,1
725,веселить,мельничный,0
726,самодурский,самодурный,1
727,Камчатский,поручительный,0
728,осуждение,обсуждение,1
729,тяготеть,внеклассный,0
730,затруднённый,затруднительный,1
731,сетчатый,сеточный,1
732,сатиричный,дельфиновый,0
733,действие,одинокий,0
734,скотный,дефективный,0
735,отклоняться,уклоняться,1
736,мистичный,удальской,0
737,вакансия,рисуночный,0
738,керосиновый,керосинный,1
739,лакированный,понимание,0
740,обрывчатый,обрывочный,1
741,увеселительный,весёлый,1
742,фантазёрство,фантазирование,1
743,атавистичный,атавистический,1
744,действительный,действенный,1
745,приобретательный,симпатический,0
746,фазановый,волнительный,0
747,вороний,вороновый,1
748,сломленный,дымовой,0
749,унизительный,униженный,1
750,раковый,рачий,1
751,рисуночный,рисунчатый,1
752,производительность,производство,1
753,псарный,псарский,1
754,даровой,гнутый,0
755,черкеска,графический,0
756,крестный,элегичный,0
757,связываться,вязаться,1
758,вакансия,единоверный,0
759,иронический,ироничный,1
760,двойной,двоичный,1
761,статичный,инновация,0
762,обезножить,обезножеть,1
763,знамя,знамение,1
764,тень,тюлений,0
765,идеалистичный,практический,0
766,вложение,неудачливый,0
767,обезденежить,обезденежеть,1
768,талант,автобиографичный,0
769,зачинатель,газовик,0
770,популистский,лобный,0
771,бесчувствие,бесчувственность,1
772,прожигательный,прожигательский,1
773,подбор,симпатичный,0
774,беззаконие,чубатый,0
775,барственный,игральный,0
776,чубатый,чубастый,1
777,гусячий,насильно,0
778,заполнить,великанский,0
779,безгласный,негласный,1
780,блистать,блестеть,1
781,мучительский,поэтический,0
782,блудить,блуждать,1
783,злобный,оформительский,0
784,царственный,двояшки,0
785,проследовать,последовать,1
786,экранировать,болезный,0
787,безыскусный,удачно,0
788,ароматический,ароматичный,1
789,представиться,преставиться,1
790,производство,седельный,0
791,приглядный,поэтический,0
792,акуловый,историчный,0
793,венерологический,венерический,1
794,отборочный,вдовий,0
795,дружественный,понимание,0
796,кондукторский,благотворный,0
797,хлебопашенный,гарантия,0
798,невежда,оболванить,0
799,декларативный,декларационный,1
800,интеллигентский,интеллигентный,1
801,безыскусный,безыскусственный,1
802,астронавт,будний,0
803,снискать,сыскать,1
804,протрезвить,протрезветь,1
805,собственный,собственнический,1
806,заразный,достояние,0
807,перетерпеть,претерпеть,1
808,комфортный,желанный,0
809,автономия,автономность,1
810,бабий,обрывочный,0
811,вырастить,нарастить,1
812,трубочный,трубчатый,1
813,информация,информированность,1
814,популистский,популярный,1
815,цинический,бабий,0
816,кокотка,сопротивление,0
817,пакостный,пакостливый,1
818,гончарный,породить,0
819,сметный,депрессия,0
820,удачливый,черстветь,0
821,покупательский,борзый,0
822,побуждать,возбуждать,1
823,циничный,цинический,1
824,индийский,индейский,1
825,держать,гончарский,0
826,червиветь,червить,1
827,гостинный,малопонятливый,0
828,обезлошадеть,авторитетный,0
829,охладить,охладеть,1
830,гармонический,воскресение,0
831,поверка,экономический,0
832,лирник,лирик,1
833,действо,венерический,0
834,осветлить,монтаж,0
835,здравница,симптоматичный,0
836,булавочный,упадочнический,0
837,простацкий,одинокий,0
838,запасный,запасливый,1
839,знамение,авантюрист,0
840,английский,зубастый,0
841,мужицкий,мужичий,1
842,досадливо,досадно,1
843,беззаконность,беззаконие,1
844,Антарктика,Арктика,1
845,метафизичный,метафизический,1
846,простак,годовой,0
847,антипатичный,эстетский,0
848,психологический,психологичный,1
849,хваткий,кормилица,0
850,декорационный,декоративный,1
851,дарёный,непонятно,0
852,гончарский,пророчественный,0
853,вырастить,метод,0
854,гармоничный,юродивый,0
855,болотный,зеленить,0
856,усвоить,освоить,1
857,эффективность,выплатить,0
858,деспотичный,деспотический,1
859,сопротивляемость,вожделеющий,0
860,исток,источник,1
861,четырёхрукий,луковый,0
862,учредительный,учредительский,1
863,поедем,отборщик,0
864,кабинетский,реабилитированный,0
865,отпечатки,опечатки,1
866,демонстративный,драматичный,0
867,озолотеть,озолотить,1
868,покорный,жавороночный,0
869,корневой,отклоняться,0
870,телевизионник,мелодраматичный,0
871,червить,червиветь,1
872,мудрить,мудреть,1
873,черви,червы,1
874,благоустроенность,благоустройство,1
875,мельничий,скарпель,0
876,конский,конный,1
877,памятливый,склочнический,0
878,предоставить,малахитный,0
879,аристократичный,аристократический,1
880,геройский,героический,1
881,надувательный,гуманность,0
882,вакация,просёлок,0
883,отходный,бродячий,0
884,сбитый,взбитый,1
885,игральный,двойственный,0
886,посёлок,просёлок,1
887,комфортный,обездушеть,0
888,действенный,действительный,1
889,подвижнический,подвижный,1
890,воинский,военный,1
891,городничий,городовой,1
892,подживать,индейский,0
893,анекдотический,конъектура,0
894,эффектный,злостно,0
895,дифференцированный,дифференциальный,1
896,мелодраматичный,мелодраматический,1
897,вакханальный,вакхальный,1
898,тюлений,производственный,0
899,жилищный,жилой,1
900,бывалый,бывший,1
901,фантазирование,фантазёрство,1
902,обессилеть,обессилить,1
903,злостный,испытательный,0
904,антрацитный,безответный,0
905,домоправление,домоуправление,1
906,последовать,монистический,0
907,оформительный,оформительский,1
908,языковый,языковой,1
909,ритмичный,ритмический,1
910,логический,непроницательный,0
911,крючкотворский,крючкотворный,1
912,вакхальный,костяной,0
913,удвоенный,сдвоенный,1
914,отборщик,отборник,1
915,безгласный,грозный,0
916,декларационный,декларативный,1
917,червы,черви,1
918,гнилостный,истерический,0
919,обсуждение,осуждение,1
920,живительный,живучий,1
921,демонстрационный,анекдотический,0
922,досадливо,разместить,0
923,атака,однорукий,0
924,венец,волосистый,0
925,адресант,адресат,1
926,произвольный,вольный,1
927,полнить,насильственно,0
928,опечатать,отпечатать,1
929,раскрытие,вскрытие,1
930,ненавистный,нетерпимо,0
931,патриотичный,патриотический,1
932,волнующий,волнительный,1
933,взрослить,дифференцированный,0
934,бур,хищный,0
935,опасно,опасливо,1
936,фен,фён,1
937,белеть,ящер,0
938,старинный,крокодилий,0
939,газовик,исторический,0
940,заодно,выдержать,0
941,приметный,приметливый,1
942,деспотия,естество,0
943,пастель,восход,0
944,ковочный,ковкий,1
945,художественный,фазановый,0
946,широкий,широтный,1
947,поступить,фактический,0
948,волосистый,кулацкий,0
949,статический,статичный,1
950,безделица,вожделенный,0
951,жалостливый,жалостный,1
952,безголосый,начертить,0
953,ледовый,корневой,0
954,дипломант,аритмичный,0
955,досадливый,понимание,0
956,сатиричный,сатирический,1
957,живучий,ароматический,0
958,дерзить,изначально,0
959,высветлить,сравнительный,0
960,комичный,комический,1
961,хищнический,хищный,1
962,нетерпимо,нестерпимо,1
963,грозный,каменный,0
964,лакированный,клетчатый,0
965,камчатный,притязательный,0
966,сборочный,наблюдательский,0
967,подбор,выбор,1
968,деспотизм,деловитый,0
969,командированный,избирательский,0
970,дармоедский,дармоедный,1
971,приютный,редеть,0
972,гармоничный,гостинный,0
973,жабный,жабий,1
974,пьянеть,громовой,0
975,отряхнуть,стряхнуть,1
976,потребительный,лиричный,0
977,заботный,мудреть,0
978,дерзать,дерзить,1
979,несоизмеримый,пансионер,0
980,собирательный,собирательский,1
981,досадный,досадливый,1
982,скотный,памятливый,0
983,фактический,русский,0
984,аристократический,аристократичный,1
985,заразительный,заразный,1
986,кабинетный,гарант,0
987,заразительный,энциклопедический,0
988,памятливый,деловитый,0
989,ныне,демобилизировать,0
990,скальпель,могучий,0
991,догматический,ординарческий,0
992,мобилизировать,житейский,0
993,братний,слоновый,0
994,обессилить,обессилеть,1
995,пьянеть,пьянить,1
996,звуковой,схематический,0
997,чувствительный,съёмочный,0
998,парламентский,парламентёрский,1
999,возмущённый,возмутительный,1
1000,ненавистный,шнуровка,0
1001,лирик,гигиеничный,0
1002,пакостливый,пакостный,1
1003,докучный,докучливый,1
1004,штурмовщик,штурмовик,1
1005,элитный,керосинный,0
1006,российский,русский,1
1007,вскрытие,раскрытие,1
1008,комичный,высветить,0
1009,спусковой,сметный,0
1010,работник,чеканочный,0
1011,молодить,молодеть,1
1012,охватить,обхватить,1
1013,домовый,домовой,1
1014,ловчий,пополнить,0
1015,сталактит,этичный,0
1016,симпатичный,автоматичный,0
1017,купальщик,основание,0
1018,информированность,информация,1
1019,потоки,холопский,0
1020,представление,оживлять,0
1021,русский,российский,1
1022,благодарственный,благодарный,1
1023,скрытный,скрытый,1
1024,цепенить,ветровой,0
1025,сетчатый,разночинный,0
1026,астматический,астматичный,1
1027,английский,рыболов,0
1028,производственный,исходный,0
1029,интранет,отпечатать,0
1030,собственный,демократичность,0
1031,подживать,взрыть,0
1032,одеть,надеть,1
1033,адресат,адресант,1
1034,микроскопичный,микроскопический,1
1035,угодливо,клёв,0
1036,прервать,зеленить,0
1037,учредительный,волнующий,0
1038,ординарческий,ординарный,1
1039,соседний,клюв,0
1040,микроскопический,микроскопичный,1
1041,обвинительный,каменистый,0
1042,хваткий,временщик,0
1043,обрывочный,досадно,0
1044,активизировать,существо,0
1045,мелкотравчатый,мелкотравный,1
1046,непонятно,глиняный,0
1047,зимовщик,гнилостный,0
1048,ломить,горячий,0
1049,игорный,отрешение,0
1050,памятный,памятливый,1
1051,теоретический,удалой,0
1052,аллегри,аллегро,1
1053,выборный,мистический,0
1054,ремесленнический,ремесленный,1
1055,тяготить,геройский,0
1056,сатирический,газовик,0
1057,дуреть,расточительный,0
1058,проблемный,проблематичный,1
1059,вера,автономность,0
1060,масличный,эстетский,0
1061,политический,популярный,0
1062,гордый,горделивый,1
1063,отчётливый,отчётный,1
1064,обезлошадеть,обезлошадить,1
1065,бесчувственность,разграничить,0
1066,мистичный,изверуский,0
1067,рабочий,старый,0
1068,классный,шлифовальщик,0
1069,проповедничий,вороновый,0
1070,прозаический,действенный,0
1071,зловещий,злобный,1
1072,чернить,эстетический,0
1073,светить,собственнический,0
1074,политичный,зачинщик,0
1075,психологичный,психологический,1
1076,единоверческий,единоверный,1
1077,взыскательный,изысканный,1
1078,обогреть,болезненный,0
1079,клёв,обессилеть,0
1080,вешала,переливчатый,0
1081,кожаный,кожный,1
1082,отбойник,интернет,0
1083,обхватить,нынче,0
1084,близкий,достигать,0
1085,холодеть,дельфиний,0
1086,опасный,опасливый,1
1087,азарт,азартность,1
1088,вдох,вздох,1
1089,Финно-,талант,0
1090,вековой,публицистичный,0
1091,усастый,усатый,1
1092,раздеть,разодеть,1
1093,сборчатый,сборочный,1
1094,стать,иронический,0
1095,обесплодить,гончарский,0
1096,нафталин,нафталан,1
1097,крокодилий,крокодиловый,1
1098,освоить,усвоить,1
1099,дурить,вспоминать,0
1100,несоизмеримый,неизмеримый,1
1101,редеть,вегетационный,0
1102,инновация,раздражительность,0
1103,варенный,знамение,0
1104,временной,временный,1
1105,угодный,уклоняться,0
1106,демократический,черви,0
1107,блуждать,блудить,1
1108,садовнический,дипломатия,0
1109,рисунчатый,рисуночный,1
1110,интернет,водяной,0
1111,бурав,деспотичный,0
1112,булавочный,булавчатый,1
1113,наличность,вожделенный,0
1114,ребрастый,ребристый,1
1115,гласность,огласка,1
1116,настоятельский,настоятельный,1
1117,живучий,отличие,0
1118,иголочный,игольчатый,1
1119,обжорливый,наличность,0
1120,подача,методика,0
1121,вспоминать,проповедничий,0
1122,яловый,ломать,0
1123,гадальный,допущение,0
1124,иструхляветь,вечный,0
1125,генеральный,пластический,0
1126,интеллигентный,интеллигентский,1
1127,наблюдательский,наблюдательный,1
1128,охладить,заодно,0
1129,работник,рабочий,1
1130,иноверческий,иноверный,1
1131,пугливый,пуганый,1
1132,пополнить,представление,0
1133,озолотить,обзолотить,1
1134,высотный,высокий,1
1135,спусковой,сатирический,0
1136,яростный,керосиновый,0
1137,дивизион,сытый,0
1138,патриотичный,произнесение,0
1139,юмореска,зверский,0
1140,поверка,проверка,1
1141,шлифовальщик,шлифовальник,1
1142,завоевательный,завоевательский,1
1143,токсичный,токсический,1
1144,перегородочный,перегородчатый,1
1145,игольчатый,иголочный,1
1146,дрогнуть,вздрогнуть,1
1147,зверский,отгрызаться,0
1148,вешалка,вешала,1
1149,напоминание,существо,0
1150,волосатый,волосистый,1
1151,чудной,масличный,0
1152,единовременный,одновременный,1
1153,тема,тематика,1
1154,упадочнический,упадочный,1
1155,обесплодеть,обесплодить,1
1156,ответный,подбородник,0
1157,доходный,экономский,0
1158,удалой,разодеть,0
1159,разный,методистский,0
1160,чернеть,отрешение,0
1161,желанный,лесистый,0
1162,ненавистнический,ненавистный,1
1163,взыскательный,дефектный,0
1164,различный,разный,1
1165,гнутый,гнуткий,1
1166,реабилитационный,подпяточник,0
1167,налагать,шершаветь,0
1168,догматический,догматичный,1
1169,встряхнуть,тряхнуть,1
1170,декоративный,декорационный,1
1171,демонтаж,монтаж,1
1172,обезводить,обезводеть,1
1173,происки,поиски,1
1174,сочинительный,сочинительский,1
1175,неорганичный,неорганический,1
1176,венок,венец,1
1177,оделить,обделить,1
1178,сладостный,сладкий,1
1179,схематический,схематичный,1
1180,подбородник,подбородок,1
1181,безделица,завоевательский,0
1182,камчатный,непонятливый,0
1183,отирать,оттирать,1
1184,языковой,отпечатки,0
1185,изнашиваемость,изношенность,1
1186,классный,камчатный,0
1187,обзолотить,редеть,0
1188,легальный,зачинщик,0
1189,варкий,дождевой,0
1190,войти,догматический,0
1191,элегичный,элегический,1
1192,бобёр,фён,0
1193,вспоминать,новация,0
1194,корневой,коренной,1
1195,взвесить,свесить,1
1196,понятливый,понятный,1
1197,складской,складной,1
1198,экономский,экономный,1
1199,воскресать,воскрешать,1
1200,холопий,желтеть,0
1201,молодеть,фазаний,0
1202,оформительский,оформительный,1
1203,инженерский,инженерный,1
1204,безответственный,бедняк,0
1205,бунтовщик,бунтарь,1
1206,героизм,героика,1
1207,непонятный,расточительский,0
1208,постричь,подстричь,1
1209,единообразие,однообразие,1
1210,полемичный,душевность,0
1211,перетерпеть,вспыльчивость,0
1212,безыскусственный,пергаментный,0
1213,жабий,поверка,0
1214,горний,информационный,0
1215,гнутый,анархичный,0
1216,экранизировать,экранировать,1
1217,вечеря,вечерня,1
1218,оплатить,отплатить,1
1219,пионерный,пионерский,1
1220,аллегоричный,аллегорический,1
1221,вначале,изначально,1
1222,юмористический,юмористичный,1
1223,высветить,высветлить,1
1224,воскрешать,злой,0
1225,отклик,неприметный,0
1226,отгрызаться,жилищный,0
1227,запасный,усвоить,0
1228,мистический,стать,0
1229,отдельный,отдельский,1
1230,духовность,душевность,1
1231,жабий,жабный,1
1232,хлеборобный,воскрешать,0
1233,ветряной,посёлок,0
1234,золотить,золотеть,1
1235,элитарный,прожигательный,0
1236,экспонент,экспонат,1
1237,пьянить,пьянеть,1
1238,целый,дельфиний,0
1239,штурмовик,неоглядный,0
1240,ловкий,микроскопичный,0
1241,вешала,вешалка,1
1242,микроскопический,пергаментный,0
1243,обвязать,обязать,1
1244,расточительский,расточительный,1
1245,вдеть,вздеть,1
1246,поспешный,поспешливый,1
1247,метод,малопонятливый,0
1248,лавочнический,булавочный,0
1249,активировать,сметливый,0
1250,внеклассовый,внеклассный,1
1251,перепончатый,потребительский,0
1252,сметный,головашки,0
1253,неприметливый,неприметный,1
1254,Атлантида,Атлантика,1
1255,гуманный,гуманистический,1
1256,воспитательский,воспитательный,1
1257,однорукий,ограниченность,0
1258,тяготить,активизировать,0
1259,стать,встать,1
1260,игривый,игристый,1
1261,зверский,звериный,1
1262,прибавить,однорукий,0
1263,сдвоенный,удвоенный,1
1264,иноверный,иноверческий,1
1265,горловина,горло,1
1266,рогастый,двигатель,0
1267,чувственный,геройский,0
1268,поспешный,клеёнчатый,0
1269,тяжко,тягостно,1
1270,окаменеть,окаменить,1
1271,исполнительный,гордость,0
1272,вечный,вековой,1
1273,тупеть,тупить,1
1274,приобретательский,будничный,0
1275,благоустроенность,потребительский,0
1276,человеческий,ритмичный,0
1277,отряхнуть,горделивый,0
1278,эстетный,эстетский,1
1279,кондукторский,штурмовщик,0
1280,дворовый,придворный,1
1281,явственно,явно,1
1282,удачный,удачливый,1
1283,группа,ярый,0
1284,дефектный,дефективный,1
1285,ограниченность,ограничение,1
1286,заплатить,пергаменный,0
1287,эфемерный,элегичный,0
1288,доходный,доходчивый,1
1289,архаический,архаичный,1
1290,феерический,юмористика,0
1291,именной,приметный,0
1292,водяной,водный,1
1293,обезглавить,кондукторский,0
1294,гончарский,гончарный,1
1295,настоятельский,метод,0
1296,жабий,безответственный,0
1297,подживлять,подживать,1
1298,гарантия,гарант,1
1299,отмета,отметка,1
1300,пропащий,пропавший,1
1301,единичный,рожать,0
1302,чубастый,тупить,0
1303,артистичный,артистический,1
1304,экологический,комитет,0
1305,крокодилий,иронический,0
1306,холодильщик,холодильник,1
1307,контратака,оборотный,0
1308,чудаческий,грозовой,0
1309,покорливый,покорный,1
1310,желтеть,потребительный,0
1311,анекдотический,анекдотичный,1
1312,отрешение,отречение,1
1313,пергаментный,пергаменный,1
1314,заходить,полировочный,0
1315,провиниться,повиниться,1
1316,заботный,заботливый,1
1317,стеклеть,жалостливо,0
1318,восприемник,интеллигентный,0
1319,рисковый,рисковой,1
1320,достойно,сметный,0
1321,производный,спусковой,0
1322,обрывок,отрывок,1
1323,проблематичный,возраст,0
1324,холодильник,сладкий,0
1325,пьянеть,вечный,0
1326,обзолотить,озолотить,1
1327,впрыгнуть,вспрыгнуть,1
1328,различать,отличать,1
1329,атака,контратака,1
1330,наследственный,цельный,0
1331,гуманный,могущественный,0
1332,инженерный,инженерский,1
1333,иждивенство,иждивенчество,1
1334,видение,новация,0
1335,заглавный,главный,1
1336,ароматичный,ароматический,1
1337,поэтический,учредительский,0
1338,премьерский,зловещий,0
1339,легитимный,легальный,1
1340,ювелирный,ювелирский,1
1341,изобретательный,изобретательский,1
1342,азартность,информированность,0
1343,авторитарный,авторитетный,1
1344,полис,деловитый,0
1345,пастушеский,пастуший,1
1346,мельничий,духовой,0
1347,завидливый,завидный,1
1348,съёмочный,съёмный,1
1349,сметливый,сметный,1
1350,добычный,добычливый,1
1351,единоверный,единоверческий,1
1352,дерзить,горячий,0
1353,рабочий,работник,1
1354,чувственный,претерпеть,0
1355,плавни,грозовой,0
1356,публицистичный,публицистический,1
1357,скрытный,жилой,0
1358,вклад,травматический,0
1359,костный,старинный,0
1360,неграмотный,безграмотный,1
1361,взбежать,чудной,0
1362,меланхоличный,меланхолический,1
1363,приобретательный,приобретательский,1
1364,вбежать,масличный,0
1365,заодно,воедино,1
1366,явный,явственный,1
1367,сущность,талант,0
1368,волосистый,масличный,0
1369,солитер,действительный,0
1370,абстракция,абстрактность,1
1371,господний,господский,1
1372,желанный,желательный,1
1373,схоластический,остепенеть,0
1374,догматический,внеклассовый,0
1375,удалой,удальской,1
1376,разборочный,осветить,0
1377,холопский,холопий,1
1378,взбежать,гнилой,0
1379,отряхнуть,крокодиловый,0
1380,заблудиться,пропавший,0
1381,пластический,пластичный,1
1382,приметливый,приметный,1
1383,вороновый,вороний,1
1384,исторический,историчный,1
1385,человеческий,яблочный,0
1386,подхалимский,подхалимный,1
1387,практичный,выжидательный,0
1388,близкий,правительский,0
1389,зло,злостно,1
1390,преобразовательный,преобразовательский,1
1391,могильник,могильщик,1
1392,жавороночий,жавороночный,1
1393,стрелчатый,наследственный,0
1394,обличительный,обличительский,1
1395,советник,советчик,1
1396,почтенный,отбойщик,0
1397,просветительный,просветительский,1
1398,черкешенка,четырёхручный,0
1399,фактический,отписка,0
1400,благоустройство,благоустроенность,1
1401,теоретический,теоретичный,1
1402,поглотить,приобретательский,0
1403,даровой,дарёный,1
1404,остеклеть,остеклить,1
1405,сеточный,представиться,0
1406,остервенить,остервенеть,1
1407,экспонат,экспонент,1
1408,дудочный,дудчатый,1
1409,налагать,возлагать,1
1410,экзерсисы,седельчатый,0
1411,фабрикат,изношенность,0
1412,конфузно,спасительный,0
1413,могущественный,домовый,0
1414,темнить,темнеть,1
1415,хлебопашенный,хлебопашеский,1
1416,шляпочный,шляпный,1
1417,взаимопонимание,трагический,0
1418,ковкий,ковочный,1
1419,зубатый,зубастый,1
1420,акционерный,вакхальный,0
1421,бобёр,охватить,0
1422,контратака,атака,1
1423,мифичный,стеклянный,0
1424,покупательский,покупательный,1
1425,монистический,неорганичный,0
1426,глиняный,глинистый,1
1427,пластинчатый,пластиночный,1
1428,подрядный,подрядческий,1
1429,экономия,жавороночий,0
1430,травматологический,травматический,1
1431,спасательный,производительность,0
1432,астматический,группа,0
1433,единственный,единый,1
1434,рыбий,рыбный,1
1435,вязаться,связываться,1
1436,глубокий,глубинный,1
1437,патриотичный,распутница,0
1438,двигатель,трубчатый,0
1439,накрапливать,обсуждение,0
1440,эффективность,эффектность,1
1441,монистичный,иструхлявить,0
1442,заблуждаться,заблудиться,1
1443,практичный,практический,1
1444,покорный,покорливый,1
1445,рогастый,рогатый,1
1446,фанатичный,романтичный,0
1447,прозаичный,домовой,0
1448,Атлантика,Атлантида,1
1449,сравнимый,доходить,0
1450,раскольничий,раскольнический,1
1451,царственный,практический,0
1452,блудить,схематический,0
1453,ябедный,ябедливый,1
1454,учредительский,учредительный,1
1455,инженерный,порвать,0
1456,воскресение,охладеть,0
1457,пророчественный,пророческий,1
1458,подделка,проделка,1
1459,высветлить,желанный,0
1460,раздражение,вдовий,0
1461,дипломат,дипломант,1
1462,авторитетный,авторитарный,1
1463,поэтичный,поэтический,1
1464,правительственный,правительский,1
1465,человечий,человечный,1
1466,удачно,искусно,0
1467,малопонятный,малопонятливый,1
1468,тюлений,тюленевый,1
1469,безделица,малоудачливый,0
1470,атавистичный,тесёмчатый,0
1471,садовнический,полемичный,0
1472,рогастый,иструхляветь,0
1473,центральный,столярный,0
1474,оглупеть,оглупить,1
1475,хвостистский,хвостистый,1
1476,автономность,автономия,1
1477,непонятно,фанатический,0
1478,надеть,одеть,1
1479,чудаческий,поиски,0
1480,завидный,мудрить,0
1481,активизировать,активировать,1
1482,добрый,добротный,1
1483,симпатический,прервать,0
1484,автобиографичный,автобиографический,1
1485,истеричный,неудачливый,0
1486,чиновничий,чиновницкий,1
1487,воедино,заодно,1
1488,двигатель,головешки,0
1489,непроницаемый,жабный,0
1490,жалостно,жалостливо,1
1491,симптоматичный,дымный,0
1492,напоминание,практический,0
1493,инвариант,потоки,0
1494,мельничный,мельничий,1
1495,безумство,безумие,1
1496,экономика,экономия,1
1497,тягостно,тяжко,1
1498,кокотка,заживлять,0
1499,гагарий,гагаровый,1
1500,выгодность,выгода,1
1501,ребячий,ребячливый,1
1502,могильник,подпятник,0
1503,поступить,домовый,0
1504,генеральский,генеральный,1
1505,животный,пропавший,0
1506,хваткий,хватский,1
1507,действие,обладать,0
1508,конфузно,конфузливо,1
1509,опаршиветь,праздный,0
1510,симптоматичный,пергаменный,0
1511,логичный,темнеть,0
1512,экранизировать,встать,0
1513,коричневый,коричный,1
1514,подача,веселеть,0
1515,шутливый,шуточный,1
1516,невинный,крокодилий,0
1517,добротный,досадный,0
1518,легитимный,представиться,0
1519,невинный,невиновный,1
1520,пастуший,разночинный,0
1521,обладать,владеть,1
1522,склочный,логический,0
1523,рост,возраст,1
1524,талант,талан,1
1525,стихотворческий,стихотворный,1
1526,мелкотравчатый,истеричный,0
1527,сравнительный,сравнимый,1
1528,разместиться,поместиться,1
1529,скотный,скотский,1
1530,певчий,соляровый,0
1531,греческий,эскалатор,0
1532,измышление,рост,0
1533,неоглядный,ненаглядный,1
1534,громовой,громкий,1
1535,зверский,обездушить,0
1536,центральный,графический,0
1537,ненавистный,ненавистнический,1
1538,летательный,высветлить,0
1539,приобретательский,неприглядный,0
1540,охладеть,строительный,0
1541,инородный,ограниченность,0
1542,дисгармония,скрытый,0
1543,ящер,ящур,1
1544,всход,восход,1
1545,купальник,остатки,0
1546,опытнический,бывалый,0
1547,понедельничный,понедельный,1
1548,гневливый,гневный,1
1549,акселератор,вначале,0
1550,взбежать,яловочный,0
1551,динамизм,домоправление,0
1552,вздохнуть,вдохнуть,1
1553,незаметный,незаметливый,1
1554,горло,автоматичный,0
1555,атавистический,соседний,0
1556,пылкость,вспыльчивость,1
1557,органический,органичный,1
1558,типический,технический,0
1559,производительность,проповеднический,0
1560,признательный,признанный,1
1561,живой,животный,1
1562,методический,методистский,1
1563,трагичный,элегичный,0
1564,нестерпимо,нетерпимо,1
1565,естество,естественность,1
1566,бедственный,решимость,0
1567,малоудачный,несоизмеримый,0
1568,отговорка,безликий,0
1569,желтеть,желтить,1
1570,горло,горловина,1
1571,авантюрин,действие,0
1572,варёный,благотворительный,0
1573,шершавить,шершаветь,1
1574,стеклеть,собственнический,0
1575,ветряной,воскресать,0
1576,перепоночный,перепончатый,1
1577,беглец,беженец,1
1578,преобразовательный,реабилитированный,0
1579,легальный,легитимный,1
1580,проблематичный,совестно,0
1581,орлёный,орлиный,1
1582,дипломатия,дипломатика,1
1583,безвинный,невинный,1
1584,непонятно,непонятливо,1
1585,незаметливый,незаметный,1
1586,врыть,взрыть,1
1587,этичный,этический,1
1588,барский,барственный,1
1589,длительный,эстетный,0
1590,взрослить,конский,0
1591,изнашиваемость,женственный,0
1592,отрывок,обрывок,1
1593,сопротивление,логический,0
1594,фантазирование,днище,0
1595,царский,царственный,1
1596,узорчатый,вешала,0
1597,романтический,рабочий,0
1598,коренной,академический,0
1599,вечеря,факт,0
1600,толстеть,оборотный,0
1601,тематика,тема,1
1602,премьерский,премьерный,1
1603,бедняк,бедняга,1
1604,тягостный,декорационный,0
1605,ловчий,ловкий,1
1606,могильщик,могильник,1
1607,дипломатичный,дипломатический,1
1608,болезненный,поворотный,0
1609,зубья,зубы,1
1610,полис,идеалистистический,0
1611,беженец,отклик,0
1612,черстветь,черствить,1
1613,наличность,наличие,1
1614,глинистый,глиняный,1
1615,бородатый,бородастый,1
1616,военный,артистичный,0
1617,антипедагогический,разодеть,0
1618,грубить,грубеть,1
1619,рыбак,рыболов,1
1620,гоночный,методика,0
1621,дисквалификация,деквалификация,1
1622,масляный,маслянистый,1
1623,достойно,пристойно,1
1624,фееричный,выгода,0
1625,упадочный,упадочнический,1
1626,малахитный,малахитовый,1
1627,личный,фантазирование,0
1628,деляческий,дельный,1
1629,горячий,горючий,1
1630,гашёный,цвета,0
1631,соляровый,удалой,0
1632,обезземелеть,обезземелить,1
1633,обхватить,охватить,1
1634,крашеный,красочный,1
1635,схематический,сборчатый,0
1636,приметный,информация,0
1637,разночинный,разночинский,1
1638,гнездовье,тягостный,0
1639,азарт,воскресение,0
1640,предоставление,представление,1
1641,угодный,надеть,0
1642,восприемник,преемник,1
1643,обезножеть,обезножить,1
1644,добычливый,волосатый,0
1645,решительность,совестливо,0
1646,варенный,варёный,1
1647,каменный,каменистый,1
1648,яловочный,меланхоличный,0
1649,отборочный,предоставить,0
1650,черепаший,черепаховый,1
1651,монтаж,демонтаж,1
1652,проступок,поступок,1
1653,мифичный,экономный,0
1654,аллегоричный,черстветь,0
1655,измышление,борзый,0
1656,представительный,представительский,1
1657,мельничий,городничий,0
1658,притязательный,притягательный,1
1659,приглядный,приглядливый,1
1660,шляпочный,пророчественный,0
1661,штурмовик,обличительный,0
1662,головашки,головешки,1
1663,неврастенический,просёлок,0
1664,вздрогнуть,дрогнуть,1
1665,вспрыгнуть,обезводить,0
1666,графический,бородатый,0
1667,отклонение,воскрешать,0
1668,дружеский,дружественный,1
1669,термальный,термический,1
1670,публицистический,публицистичный,1
1671,толстить,толстеть,1
1672,керосинный,отирать,0
1673,заживлять,заживать,1
1674,обладать,оттирать,0
1675,рождать,абонемент,0
1676,артистичный,гарант,0
1677,интеллигентский,допуск,0
1678,дурить,единый,0
1679,схоластичный,схоластический,1
1680,сытый,иноверный,0
1681,гидрант,распутница,0
1682,годовой,годовалый,1
1683,военный,воинский,1
1684,квадрант,огласка,0
1685,сводный,вегетативный,0
1686,переливчатый,переливочный,1
1687,бродяжий,бродячий,1
1688,злобный,зловещий,1
1689,высветлить,высветить,1
1690,рогатый,варение,0
1691,расчётный,расчётливый,1
1692,шутливый,возмутительный,0
1693,лиричный,избирательный,0
1694,хлеборобский,порумянеть,0
1695,шнуровка,изнашиваемость,0
1696,останки,остатки,1
1697,солярный,соляровый,1
1698,всякий,эффективность,0
1699,защитный,защитительный,1
1700,горний,вакхальный,0
1701,флегматический,ненаглядный,0
1702,цинический,циничный,1
1703,вдох,черепаший,0
1704,охладеть,охладить,1
1705,полировочный,полированный,1
1706,шершаветь,вакансия,0
1707,братский,дудочный,0
1708,гусячий,гусачий,1
1709,воскресенье,воскресение,1
1710,охотливо,охотно,1
1711,невежда,невежа,1
1712,идиотический,идиотичный,1
1713,представление,предоставление,1
1714,здравница,здравица,1
1715,заботный,иструхлявить,0
1716,выжидательный,выжидающий,1
1717,автономность,плавни,0
1718,дидактический,дидактичный,1
1719,безвинный,всяческий,0
1720,дельфиновый,дельфиний,1
1721,личный,взыскательный,0
1722,юродливый,юродивый,1
1723,признанный,признательный,1
1724,сборочный,сборчатый,1
1725,осветить,осветлить,1
1726,коптеть,коптить,1
1727,летательный,чудаческий,0
1728,наследственный,пастуший,0
1729,русский,проповеднический,0
1730,реабилитированный,реабилитационный,1
1731,скальпель,вывёртываться,0
1732,инородческий,инородный,1
1733,выдержать,сдержать,1
1734,деловой,деловитый,1
1735,пропащий,рабочий,0
1736,пергаменный,пергаментный,1
1737,изобретательский,огородить,0
1738,чудацкий,чудаческий,1
1739,сопротивляемость,ребристый,0
1740,довольство,довольствие,1
1741,произношение,произнесение,1
1742,сталагмит,докучливо,0
1743,удальской,сочинительный,0
1744,дуреть,дурить,1
1745,антрацитный,сдвинуть,0
1746,деспотия,деспотизм,1
1747,завоевательский,завоевательный,1
1748,мифический,аритмический,0
1749,истребительский,истребительный,1
1750,истерический,истеричный,1
1751,симпатичный,симпатический,1
1752,искательный,искательский,1
1753,истеричный,дидактичный,0
1754,зимовник,царский,0
1755,толстеть,глинистый,0
1756,купальщик,купальник,1
1757,обстоятельственный,обстоятельный,1
1758,начертить,сводный,0
1759,корневой,артистический,0
1760,отборник,отборщик,1
1761,дифференциальный,дифференцированный,1
1762,взвалить,столярный,0
1763,волосистый,зеленеть,0
1764,сталактит,сталагмит,1
1765,плавки,плавни,1
1766,непонятный,непонятливый,1
1767,однокорневой,однокоренной,1
1768,греческий,грецкий,1
1769,парламентёрский,светить,0
1770,вдовий,вдовый,1
1771,экономика,иждивенчество,0
1772,потёки,потоки,1
1773,обогреть,огреть,1
1774,зимовник,зимовщик,1
1775,единичный,измышление,0
1776,спасительный,спасательный,1
1777,вбежать,скотский,0
1778,концепт,концепция,1
1779,демонстрационный,демонстративный,1
1780,правительский,безответственный,0
1781,экспонент,абстрактность,0
1782,героический,технический,0
1783,эффективный,обезножеть,0
1784,геройский,апокрифический,0
1785,запасный,братский,0
1786,цепенеть,живой,0
1787,заполнить,индейский,0
1788,ребячливый,ребячий,1
1789,заблуждаться,дивизия,0
1790,решительность,решимость,1
1791,законодательский,расточительный,0
1792,черстветь,экологичный,0
1793,истерический,элитный,0
1794,братний,братский,1
1795,конфузливый,жалостливый,0
1796,расточительный,расточительский,1
1797,связываться,безликий,0
1798,белеть,белить,1
1799,заходить,доходить,1
1800,приютский,приютный,1
1801,сломанный,сломленный,1
1802,исполнительный,стекольный,0
1803,грозовой,грозный,1
1804,однообразие,единообразие,1
1805,блестеть,блистать,1
1806,экскаватор,отклик,0
1807,днище,молодеть,0
1808,негласный,безгласный,1
1809,пополнить,произношение,0
1810,великаний,черкешенка,0
1811,шествовать,полнеть,0
1812,кондукторский,кондукторный,1
1813,соляровый,обезлошадеть,0
1814,рожать,рождать,1
1815,произвольный,метафизичный,0
1816,довольствие,высший,0
1817,поминать,вспоминать,1
1818,сытно,сыто,1
1819,прозаичный,прозаический,1
1820,обидчивый,обидный,1
1821,пенсионер,пансионер,1
1822,догматичный,догматический,1
1823,вегетативный,узорный,0
1824,особый,особенный,1
1825,палаточный,палатный,1
1826,группировка,группа,1
1827,движитель,двигатель,1
1828,досадный,скальпель,0
1829,терпеливость,терпимость,1
1830,дарёный,даровой,1
1831,гордый,юмористика,0
1832,антипедагогический,антипедагогичный,1
1833,обезглаветь,обезглавить,1
1834,невиновный,невинный,1
1835,угодливо,ловкий,0
1836,видение,видение,1
1837,человечный,человечий,1
1838,сладкий,сладостный,1
1839,интернет,интранет,1
1840,акционерный,акционерский,1
1841,жавороночный,жавороночий,1
1842,шефствовать,шествовать,1
1843,экономический,экономичный,1
1844,заживлять,искусственно,0
1845,выборный,выборочный,1
1846,продуктовый,продуктивный,1
1847,динамика,динамизм,1
1848,бережность,бережливость,1
1849,терпимость,терпеливость,1
1850,запасный,упадочнический,0
1851,схематический,двойняшки,0
1852,явно,явственно,1
1853,воскресение,пылкость,0
1854,удачно,удачливо,1
1855,вообще,пластиночный,0
1856,клетчатый,ярый,0
1857,обсудить,наёмный,0
1858,грибное,грибковое,1
1859,держать,содержать,1
1860,шелковый,шелковистый,1
1861,законодательный,шляпный,0
1862,лавочнический,борзой,0
1863,цепенить,здравница,0
1864,будний,женский,0
1865,насильственно,насильно,1
1866,чудной,шляпный,0
1867,вдеть,эскалатор,0
1868,притягательный,притязательный,1
1869,хищный,аллегорический,0
1870,гашенный,гашёный,1
1871,вдеть,волосатый,0
1872,рогастый,дипломант,0
1873,антрацитовый,антрацитный,1
1874,расчётливый,расчётный,1
1875,поспешливый,поспешный,1
1876,информационный,информативный,1
1877,подхалимный,житейский,0
1878,горний,горный,1
1879,искусственно,искусно,1
1880,наполнить,духовность,0
1881,заодно,понимание,0
1882,покупательный,дуреть,0
1883,рыболов,рыбак,1
1884,вклад,вложение,1
1885,вздох,вдох,1
1886,поедим,поедем,1
1887,симптоматический,симптоматичный,1
1888,отдельный,грубеть,0
1889,монистический,монистичный,1
1890,фиеста,сиеста,1
1891,досадно,досадливо,1
1892,бур,бурав,1
1893,элегичный,длинный,0
1894,отчётный,двояшки,0
1895,невежа,ветряной,0
1896,исполнительский,непроницательный,0
1897,флегматический,враждебный,0
1898,жабий,ответный,0
1899,гражданственный,гражданский,1
1900,зубной,червить,0
1901,рачий,раковый,1
1902,лакировочный,лакированный,1
1903,кардинальный,зубастый,0
1904,кардинальный,холодить,0
1905,понимание,отгрызаться,0
1906,желательный,представительный,0
1907,раскрытие,оттирать,0
1908,удачливо,ванная,0
1909,воскрешать,воскресать,1
1910,дедушкин,изобретательский,0
1911,фантастический,фантастичный,1
1912,безответственный,стрелок,0
1913,сметливый,дипломат,0
1914,лесной,лесистый,1
1915,вбить,взбить,1
1916,годовалый,охладить,0
1917,керосинный,взаимопонимание,0
1918,пансионер,пенсионер,1
1919,безликий,безличный,1
1920,толстеть,толстить,1
1921,хвостистский,подживать,0
1922,обезлюдеть,обезлюдить,1
1923,вассальский,вассальный,1
1924,именной,именитый,1
1925,воспитательный,воспитательский,1
1926,выборочный,выборный,1
1927,лавочный,лавочнический,1
1928,хозяйский,хозяйственный,1
1929,элегичный,правительственный,0
1930,братский,ныне,0
1931,рожать,дар,0
1932,вдохнуть,вздохнуть,1
1933,озлить,озлеть,1
1934,тюленевый,унизительный,0
1935,постель,пастель,1
1936,нафталин,избирательский,0
1937,полис,мечтательский,0
1938,допуск,обрывочный,0
1939,языковый,обезлюдеть,0
1940,рыболовный,рыболовецкий,1
1941,вариант,блестеть,0
1942,монистический,эфемерный,0
1943,обладать,мифический,0
1944,слоновый,слоновий,1
1945,одышка,отдышка,1
1946,изначально,гнездо,0
1947,выгода,выгодность,1
1948,повиниться,провиниться,1
1949,лирический,школьнический,0
1950,злостный,злой,1
1951,бедняга,бедняк,1
1952,остатки,останки,1
1953,тяжкий,приметать,0
1954,бережливость,бережность,1
1955,коптить,коптеть,1
1956,простацкий,простецкий,1
1957,бродяжий,дипломатия,0
1958,протрезветь,протрезвить,1
1959,ломить,ломить,0
1960,глиняный,собирательный,0
1961,сборчатый,безграмотный,0
1962,юмористичный,юмористический,1
1963,раскольнический,раскольничий,1
1964,комический,телевизионник,0
1965,экономия,двояшки,0
1966,фактор,факт,1
1967,покорливый,обессилить,0
1968,возбуждать,побуждать,1
1969,гарант,бородастый,0
1970,кулацкий,выучить,0
1971,мобилизировать,вассальный,0
1972,иноверный,временный,0
1973,зло,диктант,0
1974,информированность,диктант,0
1975,запасный,эстетичный,0
1976,изуверный,изверуский,1
1977,астматический,коптить,0
1978,гневный,шнурок,0
1979,благодарный,благодарственный,1
1980,флегматичный,флегматический,1
1981,пастель,выучить,0
1982,конъектура,конъюнктура,1
1983,ломить,жилищный,0
1984,черкешенка,черкеска,1
1985,дурить,демократичный,0
1986,глупеть,черви,0
1987,одновременный,оформительский,0
1988,отграничить,разграничить,1
1989,пастель,постель,1
1990,однорукий,экранировать,0
1991,домоправление,гончий,0
1992,существо,могильник,0
1993,поиски,происки,1
1994,совестно,совестливо,1
1995,золотеть,иждивенчество,0
1996,симпатичный,непонятливый,0
1997,подбородок,молодеть,0
1998,основание,обоснование,1
1999,царский,наблюдательский,0
2000,обидный,обидчивый,1
2001,цветы,цвета,1
2002,зубы,зубья,1
2003,допущение,акулий,0
2004,ванна,ванная,1
2005,штатный,ригористичный,0
2006,обсудить,холодить,0
2007,мельничный,дворовый,0
2008,достойно,черствить,0
2009,волнительный,вообще,0
2010,дидактический,дипломатия,0
2011,вековой,вечный,1
2012,осветлить,столярный,0
2013,четырёхручный,четырёхрукий,1
2014,доверчивый,доверительный,1
2015,репрессия,депрессия,1
2016,дно,днище,1
2017,политический,политичный,1
2018,единоверный,крючкотворский,0
2019,клеёнчатый,клеёночный,1
2020,допуск,допущение,1
2021,временщик,временник,1
2022,штатный,комитет,0
2023,вообще,явственный,0
2024,крокодиловый,горный,0
2025,бабский,бабий,1
2026,величественный,великий,1
2027,выписать,подписать,1
2028,подпятник,подпяточник,1
2029,анекдотический,волнующий,0
2030,подживать,подживлять,1
2031,перегородчатый,перегородочный,1
2032,отпечатать,опечатать,1
2033,заблуждаться,игральный,0
2034,игольчатый,варение,0
2035,словарный,истребительный,0
2036,шлифовальник,шлифовальщик,1
2037,склочнический,склочный,1
2038,лобовой,обезрыбеть,0
2039,автономия,циклический,0
2040,деспотия,дефектный,0
2041,антипатический,антипатичный,1
2042,зачинщик,виновный,0
2043,яловочный,яловый,1
2044,малопонятный,восход,0
2045,деквалификация,дисквалификация,1
2046,толстить,историчный,0
2047,правительский,правительственный,1
2048,акулий,акуловый,1
2049,предоставить,представить,1
2050,легитимный,горний,0
2051,аспирант,аспират,1
2052,проповеднический,конфузный,0
2053,будничный,будний,1
2054,дыбом,одноручный,0
2055,экологический,желтить,0
2056,наёмничий,различие,0
2057,сценичный,трубчатый,0
2058,столярный,столярский,1
2059,опаршиветь,опаршивить,1
2060,бабский,величественный,0
2061,могучий,могущественный,1
2062,обжорный,обжорливый,1
2063,различие,отличие,1
2064,четырёхручный,антипедагогический,0
2065,вассальский,барский,0
2066,типический,типичный,1
2067,демократия,тяжко,0
2068,просительный,просительский,1
2069,солитёр,солитер,1
2070,проделка,демобилизировать,0
2071,зимовщик,зимовник,1
2072,самодурный,самодурский,1
2073,опаршиветь,именитый,0
2074,человеческий,человечный,1
2075,каннибал,Ганнибал,1
2076,ябедный,побуждать,0
2077,дар,дарственная,1
2078,явственный,явный,1
2079,малахитный,аритмичный,0
2080,наёмничий,венец,0
2081,двигатель,движитель,1
2082,экологичный,экологический,1
2083,сапожничий,исполнительский,0
2084,отборщик,золотеть,0
2085,костяной,костный,1
2086,конфузливый,конфузный,1
2087,озолотеть,домовый,0
2088,нестерпимый,нетерпимый,1
2089,грубеть,грубить,1
2090,господский,господний,1
2091,мудреть,мудрить,1
2092,заплатить,выплатить,1
2093,премьерный,премьерский,1
2094,именитый,зрительный,0
2095,самодурный,зернистый,0
2096,ответный,ответственный,1
2097,водный,водяной,1
2098,теоретичный,теоретический,1
2099,представительский,отряхнуть,0
2100,широтный,ябедный,0
2101,возлагать,налагать,1
2102,сочинительный,драматический,0
2103,громкий,монтаж,0
2104,информация,статический,0
2105,мелодический,мелодичный,1
2106,удальской,наследство,0
2107,вспыльчивость,пылкость,1
2108,вбить,вырастить,0
2109,талан,талант,1
2110,доверие,вера,1
2111,опечатки,отпечатки,1
2112,осудить,возмутительный,0
2113,сиеста,фиеста,1
2114,болотистый,болотный,1
2115,графический,графичный,1
2116,коренной,корневой,1
2117,строительский,антипатический,0
2118,экологический,нафталин,0
2119,лобовой,лобный,1
2120,болезненный,болезный,1
2121,автобиографический,ювелирный,0
2122,дождливый,дождевой,1
2123,хлебопашенный,различать,0
2124,заполнить,восполнить,1
2125,одышка,даровой,0
2126,изуверный,досадный,0
2127,раздражительность,раздражение,1
2128,шествовать,шефствовать,1
2129,дарственная,удвоенный,0
2130,поворотный,поворотливый,1
2131,зачинщик,зачинатель,1
2132,обхватить,перепоночный,0
2133,ремесленный,рисковой,0
2134,тягостно,реабилитационный,0
2135,полис,домовой,0
2136,духовный,кокотка,0
2137,обеднеть,вступить,0
2138,сценичный,сценический,1
2139,изуверный,тесёмчатый,0
2140,кокотка,кокетка,1
2141,удачливый,удачный,1
2142,вдовий,рогастый,0
2143,абстрактность,абстракция,1
2144,безыскусный,кондукторный,0
2145,телевизионщик,телевизионник,1
2146,учредительский,раскольнический,0
2147,поручительский,поручительный,1
2148,обрывок,сапожничий,0
2149,различный,конфузливо,0
2150,временник,временщик,1
2151,золотеть,золотить,1
2152,пастуший,пастушеский,1
2153,монтаж,постричь,0
2154,отличие,различие,1
2155,словарный,словесный,1
2156,комитент,комитет,1
2157,конфузный,конфузливый,1
2158,осиротить,морозный,0
2159,породнить,породить,1
2160,группа,конфузный,0
2161,встряхнуть,методистский,0
2162,варенье,варение,1
2163,дисгармония,пластинчатый,0
2164,постель,редить,0
2165,стеклить,стеклеть,1
2166,угодный,угодливый,1
2167,невинный,безвинный,1
2168,костный,костяной,1
2169,чудный,словарный,0
2170,пионерный,художнический,0
2171,экзерциции,распутица,0
2172,юмористка,двойной,0
2173,чувственный,каменистый,0
2174,надбавка,добавка,1
2175,двояшки,двойняшки,1
2176,зачинатель,зачинщик,1
2177,сравнимый,сравнительный,1
2178,вожделенный,вожделеющий,1
2179,вороновый,довольство,0
2180,движитель,элитарный,0
2181,гнуткий,гнутый,1
2182,бурав,веселить,0
2183,зерновой,зернистый,1
2184,огрызаться,отгрызаться,1
2185,сытный,цепенить,0
2186,лирник,венок,0
2187,удачливый,гигиеничный,0
2188,понятливый,добровольческий,0
2189,изыскательный,натуралистичный,0
2190,проделка,шуточный,0
2191,оболванить,оболванеть,1
2192,царственный,царский,1
2193,дивизион,дивизия,1
2194,совестно,регенерация,0
2195,поместить,врыть,0
2196,артельский,артельный,1
2197,поместиться,разместиться,1
2198,симптоматичный,игристый,0
2199,обезденежеть,обезденежить,1
2200,дельный,деляческий,1
2201,надувательный,надувательский,1
2202,пастушок,увёртываться,0
2203,стрелец,стрелок,1
2204,леденить,леденеть,1
2205,потоки,потёки,1
2206,Ганнибал,избирательский,0
2207,окаменить,окаменеть,1
2208,дипломант,дипломат,1
2209,реабилитационный,дипломатичный,0
2210,вбежать,взбежать,1
2211,злостно,зло,1
2212,отличать,различать,1
2213,производство,производительность,1
2214,тень,движитель,0
2215,сопротивляемость,сытый,0
2216,мелодия,мелодика,1
2217,централизованный,сладкий,0
2218,горделивый,гордый,1
2219,греческий,историчный,0
2220,ледяной,ледовый,1
2221,героизм,полис,0
2222,оговорка,отговорка,1
2223,мельничий,великаний,0
2224,факт,фактор,1
2225,отгрызаться,огрызаться,1
2226,динамичный,динамический,1
2227,апокрифичный,апокрифический,1
2228,мудреть,демократичность,0
2229,изыскательный,разночинский,0
2230,коричный,коричневый,1
2231,квадрат,квадрант,1
2232,чувствительный,технологический,0
2233,флегматичный,всяческий,0
2234,мелкотравчатый,усвоить,0
2235,вдох,вассальный,0
2236,отдельский,отдельный,1
2237,лесистый,представить,0
2238,оговорка,взаимопонимание,0
2239,выучить,изучить,1
2240,белеть,яловочный,0
2241,болезный,болезненный,1
2242,трубочный,венец,0
2243,технологичный,технологический,1
2244,отчётливый,дарственная,0
2245,производный,производственный,1
2246,эстетичный,эстетический,1
2247,палатный,пристойно,0
2248,мучительский,мучительный,1
2249,фантастический,пергаментный,0
2250,артельный,артельский,1
2251,заводской,заводной,1
2252,выдержать,повиниться,0
2253,нынче,ныне,1
2254,аллегро,аллегри,1
2255,мечтательский,инженерный,0
2256,вначале,методистский,0
2257,явственный,тактический,0
2258,проверка,поверка,1
2259,гуманизм,гуманность,1
2260,коллекторский,коллекторный,1
2261,безголосый,безголосный,1
2262,вклад,измышление,0
2263,веселить,веселеть,1
2264,законодательский,законодательный,1
2265,барственный,барский,1
2266,разборчивый,разборочный,1
2267,комфортабельный,комфортный,1
2268,временщик,врыть,0
2269,ошеек,ошейник,1
2270,вскрытие,гашенный,0
2271,теоретичный,фабрикат,0
2272,действие,действо,1
2273,полемический,полемичный,1
2274,драматичный,драматический,1
2275,классовый,классный,1
2276,враждебный,вражеский,1
2277,кондукторный,кондукторский,1
2278,штатский,штатный,1
2279,стряхнуть,отряхнуть,1
2280,вегетационный,термический,0
2281,подголовник,подголовок,1
2282,оцепенить,оцепенеть,1
2283,гадательный,аллегорический,0
2284,обесплодить,обесплодеть,1
2285,эффектность,эффективность,1
2286,чудной,зло,0
2287,особый,малоудачливый,0
2288,упоминание,напоминание,1
2289,зубовой,азарт,0
2290,зерновой,врыть,0
2291,игральный,игорный,1
2292,одиночный,одинокий,1
2293,холопий,холопский,1
2294,раскольнический,враждебный,0
2295,антагонистический,продуктивный,0
2296,конный,конский,1
2297,трагический,трагичный,1
2298,патриотический,испытательный,0
2299,сапожный,единообразие,0
2300,нетерпимый,нестерпимый,1
2301,понедельный,понедельничный,1
2302,одеть,преобразовательский,0
2303,англиканский,английский,1
2304,почтительный,почтенный,1
2305,депрессия,чудаческий,0
2306,обесплодеть,статический,0
2307,экранизировать,догматический,0
2308,на дыбы,неорганический,0
2309,горячий,опасно,0
2310,подстричь,постричь,1
2311,осветлитель,осветитель,0
2312,практический,мужицкий,0
2313,полемичный,вымысел,0
2314,дивизион,ненаглядный,0
2315,экономичный,искусственно,0
2316,преставиться,представиться,1
2317,звуковой,звучный,1
2318,экзерсисы,блуждать,0
2319,шнурок,шнуровка,1
2320,внеклассный,широкий,0
2321,приобретательский,приобретательный,1
2322,фланелевый,ординарный,0
2323,глупеть,глупить,1
2324,ненаглядный,неоглядный,1
2325,эффектный,фантазёрство,0
2326,советчик,окаменить,0
2327,классный,дудчатый,0
2328,проделка,подделка,1
2329,бедняк,зачинатель,0
2330,певчий,палатный,0
2331,шляпный,поворотливый,0
2332,заглавный,покупательский,0
2333,антрацитовый,аритмичный,0
2334,надеть,гусачий,0
2335,отходный,борзой,0
2336,пристойно,достойно,1
2337,обязать,комичный,0
2338,подживлять,увёртываться,0
2339,ошейник,ошеек,1
2340,подхалимный,иждивенчество,0
2341,полнеть,мелодия,0
2342,гневливый,инженерский,0
2343,терпимость,рыболов,0
2344,старательский,старательный,1
2345,булавчатый,булавочный,1
2346,благотворный,благотворительный,1
2347,фееричный,незаметный,0
2348,акционерский,декларационный,0
2349,ребячий,крючкотворский,0
2350,добровольческий,добровольный,1
2351,отрешение,эстетный,0
2352,подбородок,подбородник,1
2353,отговорка,оговорка,1
2354,происки,центральный,0
2355,проблематичный,проблемный,1
2356,флегматический,флегматичный,1
2357,дисгармония,гармония,1
2358,звучный,звуковой,1
2359,остеклить,остеклеть,1
2360,в общем,подголовок,0
2361,гарантийный,гарантированный,1
2362,исходящий,отрешение,0
2363,отчётный,бабский,0
2364,безыскусственный,безыскусный,1
2365,шершавить,отрывок,0
2366,технологичный,ремесленный,0
2367,отборник,уклоняться,0
2368,волосистый,волосатый,1
2369,горный,горний,1
2370,гуманистический,гуманный,1
2371,цветной,цветовой,1
2372,изобретательский,изобретательный,1
2373,борзый,разместиться,0
2374,одиночный,подпятник,0
2375,шершавить,безответный,0
2376,потоки,могильщик,0
2377,добавить,прибавить,1
2378,безграничный,неограниченный,1
2379,жабный,именной,0
2380,поэтический,пометка,0
2381,шумовой,шумный,1
2382,педагогичный,начертать,0
2383,беззаконие,проверка,0
2384,схематичный,схематический,1
2385,лобовой,врыть,0
2386,охотно,охотливо,1
2387,художнический,художественный,1
2388,отметка,отмета,1
2389,политичный,политический,1
2390,простудный,простудливый,1
2391,проповеднический,проповедничий,1
2392,непонятливо,непонятно,1
2393,систематический,системный,1
2394,зубовой,зубной,1
2395,высокий,высотный,1
2396,встать,стать,1
2397,чернить,чернеть,1
2398,инженерный,хвостистый,0
2399,эфирный,эфемерный,1
2400,садовничий,садовнический,1
2401,приютный,двуручный,0
2402,жалостный,жалостливый,1
2403,акционерный,органический,0
2404,высветлить,советник,0
2405,венерический,стеклянный,0
2406,остеклить,доверительный,0
2407,яблочный,яловочный,0
2408,аритмичный,взыскательный,0
2409,старинный,дудчатый,0
2410,разночинский,разночинный,1
2411,игристый,сыскать,0
2412,производный,подпяточник,0
2413,искусный,искусственный,1
2414,обездушить,пылкость,0
2415,взойти,варкий,0
2416,дружеский,симпатический,0
2417,ледовый,ледяной,1
2418,совестливо,совестно,1
2419,динамизм,динамика,1
2420,шляпный,шляпочный,1
2421,беженец,беглец,1
2422,скарпель,скальпель,1
2423,идиотический,сладко,0
2424,животный,вакансия,0
2425,демократичность,ловкий,0
2426,столярский,столярный,1
2427,стрелочный,стрелчатый,1
2428,осветитель,осветлитель,1
2429,романтический,романтичный,1
2430,сводчатый,осветитель,0
2431,барственный,старательный,0
2432,конфузливый,ввалить,0
2433,непроницаемый,пропащий,0
2434,мороженый,морозный,1
2435,вожделеющий,вожделенный,1
2436,игорный,игральный,1
2437,графичный,графический,1
2438,централизованный,центральный,1
2439,величина,величие,1
2440,вечеря,критический,0
2441,публицистичный,душевность,0
2442,одноручный,однорукий,1
2443,поэтический,поэтичный,1
2444,изыскательский,освоить,0
2445,опасливо,представить,0
2446,гнутый,духовный,0
2447,стяжательный,микроскопичный,0
2448,обесплодеть,полнить,0
2449,Камчатский,непонятный,0
2450,эфемерный,эфирный,1
2451,источник,исток,1
2452,выборочный,инородческий,0
2453,безделица,дымный,0
2454,бунтарь,чудный,0
2455,желтить,желтеть,1
2456,кулачный,кулацкий,1
2457,учредительный,кабинетный,0
2458,теоретичный,скобчатый,0
2459,разместить,обезлюдеть,0
2460,обезглавить,обезглаветь,1
2461,отчётный,отчётливый,1
2462,человечный,подпяточник,0
2463,непонятливый,непонятный,1
2464,холодильщик,житейский,0
2465,доминантовый,доминантный,1
2466,благодарственный,выжидательный,0
2467,камчатный,Камчатский,1
2468,вспоминать,защитительный,0
2469,переродниться,переродиться,1
2470,диктат,натуралистический,0
2471,сыто,сытно,1
2472,токсический,токсичный,1
2473,элитный,элитарный,1
2474,метод,методика,1
2475,юмористика,юмористка,1
2476,гуманность,видение,0
2477,рабочий,сетчатый,0
2478,потёки,популярный,0
2479,синить,синеть,1
2480,полемичный,дельфиновый,0
2481,отходчивый,отходный,1
2482,обезземелить,обезземелеть,1
2483,остепенеть,остепенить,1
2484,гарантированный,шумовой,0
2485,комический,комичный,1
2486,орлиный,орлёный,1
2487,строительский,строительный,1
2488,разный,различный,1
2489,громкий,громовой,1
2490,порвать,микроскопичный,0
2491,узорный,узорчатый,1
2492,симпатический,антипедагогичный,0
2493,антрацитный,антрацитовый,1
2494,анархический,анархичный,1
2495,простак,простец,1
2496,раскрытие,могущественный,0
2497,экзерциции,безликий,0
2498,дидактичный,дидактический,1
2499,технологичный,булавчатый,0
2500,искусственный,искусный,1
2501,холодеть,холодить,1
2502,сладко,сладостно,1
2503,цветы,рогатый,0
2504,борзый,борзой,1
2505,аспирант,классовый,0
2506,псарный,произнесение,0
2507,ювелирский,ювелирный,1
2508,догматичный,акционерский,0
2509,взрослить,взрослеть,1
2510,микроскопичный,духовный,0
2511,заблуждаться,сладостно,0
2512,наследственный,наследный,1
2513,фабрикант,контратака,0
2514,пионерский,пионерный,1
2515,кабинетный,склочнический,0
2516,клюв,клёв,1
2517,зловещий,языковый,0
2518,парламентёрский,парламентский,1
2519,ввалить,окаменить,0
2520,аллегро,игольчатый,0
2521,просительский,просительный,1
2522,технологический,технологичный,1
2523,демократия,экономический,0
2524,взбежать,вбежать,1
2525,дипломатия,полис,0
2526,горний,сломленный,0
2527,премьерный,ненавистнический,0
2528,вздеть,чудаческий,0
2529,нарастить,вырастить,1
2530,дивизия,дивизион,1
2531,осветлить,ледовый,0
2532,здравица,здравница,1
2533,сталагмит,сталактит,1
2534,зубья,терпеливость,0
2535,одинокий,одиночный,1
2536,логический,логичный,1
2537,неприглядный,непроглядный,1
2538,борзый,великий,0
2539,отборочный,отборный,1
2540,обличительский,обличительный,1
2541,обеднить,обеднеть,1
2542,лесистый,лесной,1
2543,иструхляветь,воскресение,0
2544,концепция,концепт,1
2545,клёв,клюв,1
2546,отходный,отходчивый,1
2547,горючий,стрелец,0
2548,наёмный,наёмничий,1
2549,соседний,соседский,1
2550,изучить,антипатичный,0
2551,спасательный,гарантийный,0
2552,исходящий,исходный,1
2553,аллегро,технологический,0
2554,сдержать,выдержать,1
2555,симпатический,симпатичный,1
2556,церковнический,церковничий,1
2557,гоночный,гончий,1
2558,подхалимный,подхалимский,1
2559,мелодика,господский,0
2560,малопонятный,грозовой,0
2561,анекдотичный,анекдотический,1
2562,оболванить,упадочнический,0
2563,подголовок,духовный,0
2564,аристократический,романтичный,0
2565,шнуровка,шнурок,1
2566,кулачный,остервенеть,0
2567,признательный,восполнить,0
2568,напоминание,упоминание,1
2569,усатый,усастый,1
2570,восход,всход,1
2571,опытнический,опытный,1
2572,депрессия,репрессия,1
2573,непонятливо,огрызаться,0
2574,бесчувственность,бесчувствие,1
2575,городовой,неорганичный,0
2576,сытый,воспитательный,0
2577,предоставить,незаметный,0
2578,светлить,светить,1
2579,оборотливый,оборотный,1
2580,ниточный,изысканный,0
2581,ошеек,отличать,0
2582,угодливо,угодно,1
2583,заживать,статичный,0
2584,однокоренной,однокорневой,1
2585,трубочный,токсический,0
2586,взбить,вешалка,0
2587,драматичный,разграничить,0
2588,стеклеть,вдовый,0
2589,содержать,держать,1
2590,сводный,сводчатый,1
2591,прервать,порвать,1
2592,жалостный,зубатый,0
2593,вступить,поступить,1
2594,зеленеть,продуктовый,0
2595,малопонятливый,булавчатый,0
2596,особенный,бобр,0
2597,чувствительный,чувственный,1
2598,исполнительный,исполнительский,1
2599,осиротить,осиротеть,1
2600,автономия,непонятно,0
2601,популярный,оцепенеть,0
2602,черкеска,черкешенка,1
2603,учредительный,ковочный,0
2604,критический,критичный,1
2605,диалект,пергаментный,0
2606,неизмеримый,несоизмеримый,1
2607,певческий,певчий,1
2608,сладостно,сладко,1
2609,словесный,словарный,1
2610,преобразовательский,гуманность,0
2611,шутливый,явно,0
2612,подвижный,подвижнический,1
2613,расточительный,ригористичный,0
2614,гневный,гневливый,1
2615,временник,ненавистный,0
2616,артистический,артистичный,1
2617,доверчивый,обсудить,0
2618,лирик,лирник,1
2619,коричный,дыбом,0
2620,достигать,чародейный,0
2621,перепончатый,догматический,0
2622,сопротивление,сопротивляемость,1
2623,циклический,цикличный,1
2624,патриотический,патриотичный,1
2625,гигиеничный,гигиенический,1
2626,монистический,отчётный,0
2627,абонент,абонемент,1
2628,обезрыбить,обезрыбеть,1
2629,столовый,столовский,1
2630,бурав,бур,1
2631,инновация,новация,1
2632,чубастый,мудрить,0
2633,неудачливый,неудачный,1
2634,добавить,веселеть,0
2635,всякий,циклический,0
2636,фактический,крючкотворный,0
2637,братский,братний,1
2638,критичный,критический,1
2639,ремесленнический,упоминание,0
2640,освоить,гагарий,0
2641,лобный,лобовой,1
2642,гашёный,обрывчатый,0
2643,заботливый,покорный,0
2644,негласный,седельчатый,0
2645,исходный,яблоневый,0
2646,исполнительский,исполнительный,1
2647,изначально,вначале,1
2648,неорганический,пьянить,0
2649,непонятливо,гагаровый,0
2650,осудить,завидный,0
2651,спусковой,ломить,0
2652,чародейский,чародейный,1
2653,фазаний,фазановый,1
2654,вакансия,вакация,1
2655,луковичный,малахитовый,0
2656,вышний,высший,1
2657,технический,техничный,1
2658,репрессия,лобовой,0
2659,остепенить,остепенеть,1
2660,вольный,произвольный,1
2661,огласка,гласность,1
2662,греческий,ящур,0
2663,стать,пророческий,0
2664,старый,российский,0
2665,земляной,грамматичный,0
2666,гнилостный,гнилой,1
2667,аккордовый,аккордный,1
2668,обездушить,седельный,0
2669,Финско-,Финно-,1
2670,зрительный,зрительский,1
2671,понимание,взаимопонимание,1
2672,рост,отчётный,0
2673,опасливый,ребячий,0
2674,сатирический,сатиричный,1
2675,чародейный,чародейский,1
2676,горний,обесплодеть,0
2677,молодеть,молодить,1
2678,грозный,грозовой,1
2679,зубной,зубовой,1
2680,сытый,чувствительный,0
2681,рогастый,венерологический,0
2682,дефективный,дефектный,1
2683,полемический,собственный,0
2684,центральный,централизованный,1
2685,складной,складской,1
2686,бобёр,синить,0
2687,приметать,примотать,1
2688,отклик,оклик,1
2689,поручительный,холодильник,0
2690,вязаться,добровольный,0
2691,умный,лирик,0
2692,тесёмочный,тесёмчатый,1
2693,кабинетный,кабинетский,1
2694,дарёный,столовый,0
2695,грубить,трубчатый,0
2696,злостный,разместить,0
2697,штурмовик,штурмовщик,1
2698,луковичный,луковый,1
2699,цветовой,цветной,1
2700,пастушок,пастушонок,1
2701,шнуровка,дрогнуть,0
2702,сытый,сытный,1
2703,стрелочный,гадальный,0
2704,юмореска,юмористка,1
2705,эстетный,одиночный,0
2706,особенный,особый,1
2707,оклик,отклик,1
2708,оговорка,садовнический,0
2709,шершавить,сытый,0
2710,яблоневый,яблочный,1
2711,защитительный,защитный,1
2712,антипатичный,зубатый,0
2713,декорационный,черствить,0
2714,шелковистый,шелковый,1
2715,простец,простак,1
2716,малоудачный,малоудачливый,1
2717,представительский,останки,0
2718,тюленевый,тюлений,1
2719,выжидательный,наполнить,0
2720,апокрифичный,разливочный,0
2721,деспотизм,деспотия,1
2722,осуждение,подхалимский,0
2723,обезлошадить,досадно,0
2724,акционерский,акционерный,1
2725,акселерат,акселератор,1
2726,конфузливо,конфузно,1
2727,оппортунистичный,оппортунистический,1
2728,швейцарец,швейцар,1
2729,классный,аллегоричный,0
2730,догматический,действенный,0
2731,поглотить,проглотить,1
2732,гармоничный,гармонический,1
2733,ныне,нынче,1
2734,светить,шлифовальщик,0
2735,опасливо,опасно,1
2736,токсичный,центральный,0
2737,ябедливый,ябедный,1
2738,гражданский,гражданственный,1
2739,поворотный,докучный,0
2740,громовой,обжорный,0
2741,собирательский,собирательный,1
2742,умственный,умный,1
2743,неизмеримый,ошейник,0
2744,непроглядный,неприглядный,1
2745,ящур,ящер,1
2746,водный,яловый,0
2747,взвалить,ввалить,1
2748,тесёмчатый,тесёмочный,1
2749,эстетский,эстетный,1
2750,потребительский,отметка,0
2751,варенье,пастель,0
2752,палатный,политичный,0
2753,авантюрин,авантюрист,1
2754,сломленный,проделка,0
2755,гражданский,провиниться,0
2756,докучно,докучливо,1
2757,одновременный,временник,0
2758,клюв,концепция,0
2759,гончий,гоночный,1
2760,дерзить,дерзать,1
2761,борзый,воинственный,0
2762,шелковый,сочинительный,0
2763,ванная,ванна,1
2764,запасный,истребительский,0
2765,изначально,регенерация,0
2766,блуждать,зло,0
2767,тюлений,временник,0
2768,горючий,горячий,1
2769,притягательный,обезглаветь,0
2770,заботливый,заботный,1
2771,энциклопедичный,энциклопедический,1
2772,ответный,эффективный,0
2773,зубовой,яловочный,0
2774,ловкий,ловчий,1
2775,аспират,аспирант,1
2776,двуручный,двурушный,1
2777,домоуправление,домоправление,1
2778,фактический,фактичный,1
2779,удальской,удалой,1
2780,неприметный,неприметливый,1
2781,вражеский,враждебный,1
2782,глупеть,ригористичный,0
2783,малопонятный,описка,0
2784,мороженый,холодеть,0
2785,симптоматичный,симптоматический,1
2786,изыскательный,изыскательский,1
2787,отбойщик,отбойник,1
2788,вдеть,распутица,0
2789,действо,проделка,0
2790,источник,неизмеримый,0
2791,керосинный,керосиновый,1
2792,варенье,простак,0
2793,естественность,естество,1
2794,дождливый,купальник,0
2795,школьнический,школьный,1
2796,наличие,наличность,1
2797,инородный,инородческий,1
2798,угодно,рисуночный,0
2799,опытнический,монтаж,0
2800,обезножить,доходить,0
2801,неограниченный,четырёхручный,0
2802,мужичий,мужицкий,1
2803,героика,героизм,1
2804,проглотить,поглотить,1
2805,дивизион,чубатый,0
2806,истребительский,костный,0
2807,лавочный,чернеть,0
2808,дипломатика,кормильщица,0
2809,упадочнический,комический,0
2810,четырёхрукий,четырёхручный,1
2811,блуждать,подбородок,0
2812,Камчатский,камчатный,1
2813,опытный,опытнический,1
2814,изношенность,изнашиваемость,1
2815,виновный,виноватый,1
2816,жёсткий,жестокий,1
2817,оборотный,опытнический,0
2818,варение,варенье,1
2819,даровой,ломать,0
2820,крокодиловый,патриотичный,0
2821,встряхнуть,масленый,0
2822,экологичный,мечтательский,0
2823,иноверческий,воедино,0
2824,гуманистический,гарант,0
2825,доверительность,доверие,1
2826,ввалить,взвалить,1
2827,опасливый,взаимопонимание,0
2828,безголосный,безголосый,1
2829,школьный,школьнический,1
2830,распутица,пророчественный,0
2831,зубастый,зубатый,1
2832,микроскопический,скобчатый,0
2833,жизненный,шнуровка,0
2834,пионерный,орлиный,0
2835,патриотичный,благоустроенность,0
2836,ребристый,мельничный,0
2837,здравица,коренной,0
2838,просительский,костяной,0
2839,редеть,редить,1
2840,экзерсисы,экзерциции,1
2841,непроницательный,непроницаемый,1
2842,четырёхрукий,одеть,0
2843,просёлок,осветлить,0
2844,чернеть,антипатичный,0
2845,стяжательский,стяжательный,1
2846,зернистый,зерновой,1
2847,разборчивый,домоправление,0
2848,завидный,завидливый,1
2849,мечтательный,мечтательский,1
2850,пластиночный,пластинчатый,1
2851,юродливый,доходчивый,0
2852,обезлюдить,конфузный,0
2853,измышление,вымысел,1
2854,непроницаемый,непроницательный,1
2855,избирательный,избирательский,1
2856,деспотичный,желтить,0
2857,духовой,духовный,1
2858,обвинительный,цветной,0
2859,акуловый,акулий,1
2860,блудить,настоятельский,0
2861,увёртываться,комфортный,0
2862,проделка,мельничный,0
2863,склочный,склочнический,1
2864,соляровый,солярный,1
2865,чиновницкий,чиновничий,1
2866,грубеть,досадливо,0
2867,натуралистический,натуралистичный,1
2868,тяжкий,тягостный,1
2869,оживать,оживлять,1
2870,сталагмит,ошейник,0
2871,выплатить,заплатить,1
2872,холопский,эффективность,0
2873,взвалить,жилищный,0
2874,сытный,сытый,1
2875,удачливо,удачно,1
2876,анекдотический,гуманизм,0
2877,тяготеть,тяготить,1
2878,искусно,искусственно,1
2879,наличность,сеточный,0
2880,подвижнический,графичный,0
2881,публицистический,простацкий,0
2882,именной,запасливый,0
2883,венерический,обстоятельный,0
2884,сытый,зимовщик,0
2885,понимание,безвинный,0
2886,пластинчатый,выплатить,0
2887,гусачий,гусячий,1
2888,поместить,разместить,1
2889,кардинальский,монистический,0
2890,сравнимый,дождливый,0
2891,запасный,продуктивный,0
2892,статический,звериный,0
2893,авантюрин,выбор,0
2894,поглотить,примотать,0
2895,стрелчатый,стрелочный,1
2896,вечерня,блестеть,0
2897,мастистый,маститый,1
2898,блудить,сыто,0
2899,взбить,вбить,1
2900,обделить,оделить,1
2901,термический,термальный,1
2902,угодно,движитель,0
2903,взойти,войти,1
2904,неудачный,неудачливый,1
2905,взрыть,приобретательский,0
2906,накрапливать,накрапывать,1
2907,инвариант,вариант,1
2908,холопский,крестный,0
2909,отборный,циничный,0
2910,женский,женственный,1
2911,вафельщица,автоматический,0
2912,изверуский,приглядный,0
2913,братский,авторитетный,0
2914,кабинетский,кабинетный,1
2915,поспешливый,угодливый,0
2916,приобретательский,мелодика,0
2917,единичный,одиночный,1
2918,безумие,автобиографичный,0
2919,избирательский,избирательный,1
2920,интеллигентский,истребительный,0
2921,деспотия,изыскательный,0
2922,обезрыбеть,обезрыбить,1
2923,поглотить,опытнический,0
2924,Арктика,Антарктика,1
2925,ванна,настигать,0
2926,сценический,сценичный,1
2927,цветистый,цветастый,1
2928,гнездо,гнездовье,1
2929,аллегорический,сборочный,0
2930,статический,скрытый,0
2931,сыто,совестливо,0
2932,достигать,настигать,1
2933,полюс,полис,1
2934,тягостно,догматический,0
2935,нафталан,нафталин,1
2936,хлебопашеский,хлебопашенный,1
2937,тактический,тактичный,1
2938,жилой,жилищный,1
2939,воедино,потребительский,0
2940,водный,заходить,0
2941,методистский,угодно,0
2942,исполнительный,тяготеть,0
2943,осветлить,осветить,1
2944,мелкотравчатый,дружественный,0
2945,в общем,вообще,1
2946,мистичный,мистический,1
2947,строительский,холодильщик,0
2948,черствить,черстветь,1
2949,дифференциальный,глупеть,0
2950,бедняк,дармоедный,0
2951,бобр,бобёр,1
2952,насильно,солитер,0
2953,экзерсисы,методистский,0
2954,бабий,бабский,1
2955,выдача,подача,1
2956,выжидающий,выжидательный,1
2957,разночинский,гармоничный,0
2958,остервенеть,остервенить,1
2959,акселерат,блудить,0
2960,непонятный,охладеть,0
2961,дымовой,дымный,1
2962,плавни,плавки,1
2963,гадательный,гадальный,1
2964,белить,сдержать,0
2965,Антарктика,высветить,0
2966,испытательский,испытательный,1
2967,двурушный,двуручный,1
2968,конфузный,протрезветь,0
2969,достойно,вешала,0
2970,приветственный,приветный,1
2971,Атлантида,настигать,0
2972,духовность,одышка,0
2973,грамматичный,фиеста,0
2974,обездушить,конъюнктура,0
2975,тягостный,негласный,0
2976,сталактит,движитель,0
2977,достоинство,достояние,1
2978,столовский,столовый,1
2979,певчий,певческий,1
2980,вбить,производительность,0
2981,унизительный,антипедагогический,0
2982,патриотичный,диктант,0
2983,наследство,наследие,1
2984,овчарка,овчарня,1
2985,пропавший,пропащий,1
2986,академичный,академический,1
2987,индейский,индийский,1
2988,яростный,ярый,1
2989,индийский,вафельница,0
2990,съёмный,съёмочный,1
2991,крючкотворский,героический,0
2992,заразный,летательный,0
2993,запасливый,запасный,1
2994,обеднеть,вспыльчивость,0
2995,покупательский,вдохнуть,0
2996,приглядливый,приглядный,1
2997,упоминание,прожигательный,0
2998,лавочный,кормильщица,0
2999,реабилитационный,реабилитированный,1
3000,зачинщик,здравница,0
3001,весёлый,довольство,0
3002,цветастый,исполнительский,0
3003,взаимопонимание,опасливо,0
3004,временный,временной,1
3005,органичный,подпятник,0
3006,подголовок,подголовник,1
3007,грибковое,грибное,1
3008,обеднеть,обеднить,1
3009,окаменеть,гармонический,0
3010,рисковый,романтичный,0
3011,горный,мужичий,0
3012,старый,старинный,1
3013,ремесленный,ремесленнический,1
3014,азартность,дождливый,0
3015,нитчатый,фазаний,0
3016,бобёр,командировочный,0
3017,лакированный,лакировочный,1
3018,грамматический,грамматичный,1
3019,оглупеть,сеточный,0
3020,преемник,восприемник,1
3021,гневливый,обделить,0
3022,взвалить,высветить,0
3023,всяческий,всякий,1
3024,шумовой,ныне,0
3025,талант,останки,0
3026,вложение,гончарный,0
3027,обстоятельный,леденить,0
3028,дар,летательный,0
3029,опаршиветь,блуждать,0
3030,шляпный,вздох,0
3031,квадрант,квадрат,1
3032,вздрогнуть,расчётливый,0
3033,крёстный,крестный,1
3034,озолотить,озолотеть,1
3035,юмористический,пуганый,0
3036,насильно,насильственно,1
3037,неудачный,неудачный,0
3038,близкий,могучий,0
3039,единый,единственный,1
3040,густеть,шнуровка,0
3041,воспитательный,дивизия,0
3042,цвета,насильственно,0
3043,мечтательский,мечтательный,1
3044,скальпель,скарпель,1
3045,солитер,сравнительный,0
3046,произвольный,безыскусный,0
3047,метафизический,метафизичный,1
3048,претерпеть,перетерпеть,1
3049,генеральный,генеральский,1
3050,историчный,отбойщик,0
3051,обсуждение,дипломатия,0
3052,холодильник,холодильщик,1
3053,сочинительский,стяжательский,0
3054,холодильщик,беззаконие,0
3055,аккордный,аккордовый,1
3056,вафельщица,вафельница,1
3057,вдохнуть,ближний,0
3058,одновременный,единовременный,1
3059,отклонение,эффектный,0
3060,масличный,черстветь,0
3061,антипатичный,антипатический,1
3062,травматический,травматологический,1
3063,наёмный,аристократический,0
3064,горло,дудочный,0
3065,гордый,догматичный,0
3066,поступок,проступок,1
3067,жалостливо,жалостно,1
3068,волнующий,продуктовый,0
3069,тяжкий,головашки,0
3070,переродиться,всякий,0
3071,хватский,хваткий,1
3072,добычливый,добротный,0
3073,драматический,драматичный,1
3074,зубовой,покупательный,0
3075,могучий,деспотичный,0
3076,зеленеть,зеленить,1
3077,достояние,зернистый,0
3078,бобёр,бобр,1
3079,опечатки,штатский,0
3080,художественный,художнический,1
3081,единовременный,редить,0
3082,чудацкий,фён,0
3083,пластичный,пластический,1
3084,гигиенический,гигиеничный,1
3085,бережливость,воспитательный,0
3086,практический,практичный,1
3087,встать,деквалификация,0
3088,полемичный,полемический,1
3089,двинуть,сдвинуть,1
3090,черкешенка,головашки,0
3091,статичный,статический,1
3092,поступить,вступить,1
3093,рожать,признанный,0
3094,вегетативный,вегетационный,1
3095,умный,неприметливый,0
3096,разливчатый,обрывок,0
3097,мифичный,сатирический,0
3098,волнительный,волнующий,1
3099,телевизионщик,главный,0
3100,тупить,рождать,0
3101,вздеть,уклоняться,0
3102,активировать,активизировать,1
3103,игристый,идеалистичный,0
3104,деспотический,деспотичный,1
3105,болотистый,братний,0
3106,фланельный,фланелевый,1
3107,астматичный,астматический,1
3108,простецкий,простацкий,1
3109,приглядный,благоустройство,0
3110,чернеть,чернить,1
3111,варочный,озолотить,0
3112,досадливый,бродячий,0
3113,фён,фен,1
3114,чудаческий,чудацкий,1
3115,органичный,органический,1
3116,неорганический,неорганичный,1
3117,леденеть,вороновый,0
3118,вспоминать,поминать,1
3119,динамизм,политичный,0
3120,оживлять,оживать,1
3121,иструхлявить,иструхляветь,1
3122,охотливо,протрезветь,0
3123,выбор,подбор,1
3124,главный,заглавный,1
3125,вакация,вакансия,1
3126,ригористический,ригористичный,1
3127,отпечатки,декорационный,0
3128,схоластический,производство,0
3129,бездельница,безделица,1
3130,эффектный,домоправление,0
3131,напоминание,насильно,0
3132,декорационный,гарантированный,0
3133,тряхнуть,встряхнуть,1
3134,подхалимный,бездельница,0
3135,словесный,проступок,0
3136,завидливый,звуковой,0
3137,четырёхручный,протрезветь,0
3138,источник,благодарный,0
3139,масленый,масличный,1
3140,густить,густеть,1
3141,юмористка,юмористика,1
3142,черкешенка,нетерпимый,0
3143,разночинный,обсудить,0
3144,фён,варочный,0
3145,водяной,лавочный,0
3146,методика,метод,1
3147,воскресение,воскресенье,1
3148,самодурский,длинный,0
3149,аллегорический,аллегоричный,1
3150,усатый,сладостный,0
3151,эстетский,идиотичный,0
3152,изверуский,изуверный,1
3153,городовой,городничий,1
3154,газовщик,газовик,1
3155,дарёный,холопий,0
3156,разборочный,разборчивый,1
3157,кормилица,кормильщица,1
3158,изверуский,выдача,0
3159,последовать,проследовать,1
3160,вздеть,вдеть,1
3161,огреть,взрослить,0
3162,сладкий,сводчатый,0
3163,военный,хозяйский,0
3164,разместить,воспитательный,0
3165,тупить,тупеть,1
3166,посёлок,дворовый,0
3167,конфузливый,отклонение,0
3168,безличный,безликий,1
3169,поворотливый,поворотный,1
3170,добавка,гуманность,0
3171,летальный,сборочный,0
3172,описка,отписка,1
3173,фанатический,фанатичный,1
3174,дельфиний,дельфиновый,1
3175,складской,отчётный,0
3176,разграничить,отграничить,1
3177,гнуткий,вера,0
3178,ответный,крючкотворский,0
3179,обоснование,основание,1
3180,комичный,поверка,0
3181,обессилить,учредительский,0
3182,вассальский,мистичный,0
3183,обжорливый,обжорный,1
3184,цветы,сеточный,0
3185,скотский,скотный,1
3186,усастый,масличный,0
3187,демократичный,демократический,1
3188,английский,англиканский,1
3189,злостно,конский,0
3190,гневный,скобочный,0
3191,политический,стекольный,0
3192,Атлантика,грибковое,0
3193,лесистый,сводный,0
3194,охотно,дрогнуть,0
3195,злобный,вегетативный,0
3196,наёмничий,наёмный,1
3197,популярный,популистский,1
3198,стрелок,стрелец,1
3199,решимость,решительность,1
3200,вассальский,центральный,0
3201,мифический,сладостно,0
3202,мифичный,мифический,1
3203,наследие,наследство,1
3204,сметный,сметливый,1
3205,годовалый,годовой,1
3206,черепаховый,черепаший,1
3207,холопский,советник,0
3208,увёртываться,осветитель,0
3209,экономия,экономика,1
3210,злой,злостный,1
3211,декоративный,логический,0
3212,вспрыгнуть,впрыгнуть,1
3213,человеческий,декорационный,0
3214,клетчатый,клеточный,1
3215,наполнить,пополнить,1
3216,выучить,доходить,0
3217,псарский,псарный,1
3218,приютный,праздничный,0
3219,рисковой,отпечатать,0
3220,всякий,всяческий,1
3221,стеклеть,стеклить,1
3222,демонстративный,приглядливый,0
3223,мистический,демобилизировать,0
3224,токсический,надувательный,0
3225,праздный,праздничный,1
3226,зрительный,негласный,0
3227,отпечатки,иголочный,0
3228,неудачный,метафизический,0
3229,травматический,изначально,0
3230,вечерня,вечеря,1
3231,неорганичный,зверский,0
3232,разливчатый,разливочный,1
3233,затруднительный,затруднённый,1
3234,варёный,варенный,1
3235,звериный,зверский,1
3236,выдача,цельный,0
3237,оппортунистический,морозный,0
3238,редить,редеть,1
3239,акселератор,акселерат,1
3240,опасливый,опасный,1
3241,шляпочный,сметливый,0
3242,экономский,ответный,0
3243,докучливо,докучно,1
3244,отбойник,отбойщик,1
3245,скальпель,булавочный,0
3246,перепончатый,перепоночный,1
3247,ярый,яростный,1
3248,варкий,варочный,1
3249,угодно,угодливо,1
3250,диалект,диалектизм,1
3251,дедовский,мелодраматический,0
3252,реабилитационный,непроглядный,0
3253,поступить,сладко,0
3254,комитет,комитент,1
3255,увёртываться,вывёртываться,1
3256,парламентёрский,дно,0
3257,истребительный,истребительский,1
3258,сапожничий,сладостный,0
3259,поступить,игольчатый,0
3260,красочный,крашеный,1
3261,декорационный,стяжательский,0
3262,героический,подбор,0
3263,купальник,купальщик,1
3264,словесный,водный,0
3265,критический,ригористический,0
3266,вечерня,законодательский,0
3267,обеднить,молодеть,0
3268,величественный,полемичный,0
3269,темнеть,темнить,1
3270,легитимный,аллегоричный,0
3271,хвостистский,невежда,0
3272,светлить,наследие,0
3273,дидактичный,новация,0
3274,неврастеничный,неврастенический,1
3275,двигатель,жавороночий,0
3276,начертить,мельничный,0
3277,угодный,диктант,0
3278,логичный,логический,1
3279,отдышка,одышка,1
3280,молодить,непонятно,0
3281,астронавт,аргонавт,1
3282,взрослеть,взрослить,1
3283,городничий,информационный,0
3284,произнесение,произношение,1
3285,опечатать,пропавший,0
3286,перегородочный,инженерный,0
3287,экономный,экономский,1
3288,фееричный,феерический,1
3289,униженный,унизительный,1
3290,великий,величественный,1
3291,подвижнический,тень,0
3292,сметный,истребительский,0
3293,поедем,поедим,1
3294,подбор,энциклопедичный,0
3295,городничий,изыскательский,0
3296,оболванить,связываться,0
3297,комитент,шефствовать,0
3298,предоставить,церковничий,0
3299,обезлошадить,обезлошадеть,1
3300,Финно-,Финско-,1
3301,озлеть,неограниченный,0
3302,проповедничий,обвинительский,0
3303,всход,признанный,0
3304,невежа,невежда,1
3305,мелодичный,систематический,0
3306,веселеть,разливочный,0
3307,достойно,коптить,0
3308,антипатический,действо,0
3309,гуманность,гуманизм,1
3310,пугливый,удвоенный,0
3311,стекольный,стеклянный,1
3312,борзой,борзый,1
3313,удачный,подрядный,0
3314,вегетативный,глубинный,0
3315,луковый,луковичный,1
3316,порумянеть,порумянить,1
3317,лирический,пьянить,0
3318,психологичный,охотливо,0
3319,воинственный,воинствующий,1
3320,женственный,женский,1
3321,однорукий,одноручный,1
3322,пластиночный,дипломатика,0
3323,подрядческий,подрядный,1
3324,зрительский,зрительный,1
3325,блуждать,гарантия,0
3326,драматичный,осветитель,0
3327,оттирать,отирать,1
3328,летальный,летательный,1
3329,вложение,вклад,1
3330,варенье,малахитный,0
3331,свесить,взвесить,1
3332,желательный,желанный,1
3333,умный,умственный,1
3334,безответственный,безответный,1
3335,двоичный,двойной,1
3336,соседний,владеть,0
3337,аргонавт,астронавт,1
3338,насильственно,отрывок,0
3339,эффективный,эффектный,1
3340,подпяточник,подпятник,1
3341,графичный,сиеста,0
3342,жалостный,ненавистнический,0
3343,дармоедский,единоверческий,0
3344,экранировать,экранизировать,1
3345,пионерный,преемник,0
3346,ненавистный,поступить,0
3347,дифференциальный,экологический,0
3348,оживлять,проблематичный,0
3349,старательный,раскрытие,0
3350,настоятельский,сценический,0
3351,солитер,солитёр,1
3352,малахитный,сдвинуть,0
3353,демонстративный,демонстрационный,1
3354,единоверческий,садовнический,0
3355,разливочный,разливчатый,1
3356,сборочный,благоустроенность,0
3357,полнеть,неудачный,0
3358,разборчивый,эффектность,0
3359,барский,рыболовецкий,0
3360,иструхляветь,иструхлявить,1
3361,приметный,крючкотворский,0
3362,заблудиться,комфортабельный,0
3363,допущение,допуск,1
3364,искусственно,повиниться,0
3365,скобочный,скобчатый,1
3366,фанатический,раскольнический,0
3367,полис,полюс,1
3368,инородческий,глубинный,0
3369,вначале,претерпеть,0
3370,мельничий,мельничный,1
3371,лирический,лиричный,1
3372,наблюдательный,наблюдательский,1
3373,выборный,наследственный,0
3374,червы,нарастить,0
3375,могущественный,четырёхрукий,0
3376,автобиографический,обязать,0
3377,проповедничий,проповеднический,1
3378,ловчий,порумянеть,0
3379,обезлюдеть,зубной,0
3380,потребительный,потребительский,1
3381,экономический,непроницательный,0
3382,клюв,желтить,0
3383,экономика,солитёр,0
3384,крокодиловый,холопий,0
3385,штатный,штатский,1
3386,дурить,дуреть,1
3387,досадливый,досадный,1
3388,избирательный,действие,0
3389,изначально,Арктика,0
3390,порвать,прервать,1
3391,синеть,синить,1
3392,цельный,целый,1
3393,памятливый,памятный,1
3394,ограничение,ограниченность,1
3395,мечтательный,червы,0
3396,сиеста,начертать,0
3397,опасный,побуждать,0
3398,элегический,элегичный,1
3399,фазановый,фазаний,1
3400,двинуть,псарный,0
3401,раздражение,раздражительность,1
3402,сладко,на дыбы,0
3403,азартность,анархический,0
3404,допущение,мечтательный,0
3405,феерический,фееричный,1
3406,густеть,густить,1
3407,доверительный,доверчивый,1
3408,луковый,благоустроенность,0
3409,маститый,авантюрин,0
3410,искательский,искательный,1
3411,мечтательский,длительный,0
3412,стеклянный,искательский,0
3413,историчный,исторический,1
3414,дождевой,обязать,0
3415,безыскусный,сыскать,0
3416,благодарственный,покупательный,0
3417,вегетационный,рисковый,0
3418,узорный,проследовать,0
3419,пластичный,надувательный,0
3420,венец,венок,1
3421,интеллигентный,горделивый,0
3422,кожаный,ненавистный,0
3423,азартность,азарт,1
3424,собственнический,бурав,0
3425,достояние,достоинство,1
3426,исполнительный,обидчивый,0
3427,антагонистичный,сводчатый,0
3428,ненаглядный,обезглавить,0
3429,досадливо,добавка,0
3430,приглядный,иструхляветь,0
3431,холодеть,горделивый,0
3432,дипломатический,дипломатичный,1
3433,малоудачный,досадливый,0
3434,нитчатый,хищный,0
3435,спускной,наблюдательный,0
3436,защитительный,воспитательский,0
3437,великаний,великанский,1
3438,шуточный,шутливый,1
3439,совестливо,желательный,0
3440,двоякий,двойственный,1
3441,сапожничий,сапожный,1
3442,достойно,тесёмочный,0
3443,конъюнктура,конъектура,1
3444,симпатический,встать,0
3445,ювелирный,человечный,0
3446,непроницательный,дарственная,0
3447,морозный,мороженый,1
3448,хлеборобский,хлеборобный,1
3449,диктант,диктат,1
3450,комфортный,комфортабельный,1
3451,кулацкий,кулачный,1
3452,гадальный,белеть,0
3453,опаршивить,опаршиветь,1
3454,двойняшки,двояшки,1
3455,шершаветь,шершавить,1
3456,бедственный,псарский,0
3457,тягостно,поверка,0
3458,мельничный,варение,0
3459,языковый,идиотичный,0
3460,одиночный,единичный,1
3461,отходный,удальской,0
3462,идеалистистический,идеалистичный,1
3463,вегетационный,вегетативный,1
3464,сдвинуть,двинуть,1
3465,леденеть,вакация,0
3466,трагичный,трагический,1
3467,гагарий,абонент,0
3468,парламентёрский,пластинчатый,0
3469,полнить,полнеть,1
3470,неприметный,обезземелеть,0
3471,переродиться,безответственный,0
3472,обезглавить,безумие,0
3473,спускной,спусковой,1
3474,сеточный,сетчатый,1
3475,автоматический,автоматичный,1
3476,наследный,наследственный,1
3477,жалостливо,удалой,0
3478,терпеливость,юмористика,0
3479,гостинный,гостиничный,1
3480,мобилизировать,демобилизировать,1
3481,купальщик,просветительный,0
3482,стрелок,дидактический,0
3483,предоставить,золотеть,0
3484,беззаконие,варочный,0
3485,соседний,изыскательский,0
3486,черстветь,академичный,0
3487,двойственный,гусячий,0
3488,выучить,кабинетский,0
3489,ванна,соляровый,0
3490,войти,приглядливый,0
3491,ригористичный,ригористический,1
3492,оцепенить,встать,0
3493,инженерский,рисунчатый,0
3494,натуралистичный,натуралистический,1
3495,жалостливый,бедняга,0
3496,взрыть,врыть,1
3497,коллекторский,бунтарь,0
3498,схоластический,схоластичный,1
3499,седельный,седельчатый,1
3500,домоправление,советчик,0
3501,летальный,склочный,0
3502,рыболовный,декоративный,0
3503,маститый,мастистый,1
3504,Арктика,дружеский,0
3505,генеральский,цветовой,0
3506,преобразовательский,преобразовательный,1
3507,полюс,венок,0
3508,геройский,этичный,0
3509,шумный,гневный,0
3510,автономность,невиновный,0
3511,гнилой,гнилостный,1
3512,экономический,возмущённый,0
3513,абонемент,абонент,1
3514,зачинатель,стекольный,0
3515,насильно,поминать,0
